anexo_original;enlace;tema;;;;;;;;;;;;;;;;;;;
1;https://www.paginasiete.bo/nacional/2021/8/30/con-su-nuevo-estatuto-el-mas-se-garantiza-el-ingreso-de-al-menos-bs-21-millones-al-ano-306541.html;campaña Evo: Fraude-golpe ;;;;;;;;;;;;;;;;;;;
;https://eldeber.com.bo/pais/arce-cito-la-palabra-golpe-unas-50-veces-su-discurso-no-fue-nada-conciliador_242123;;;;;;;;;;;;;;;;;;;;
;https://www.paginasiete.bo/nacional/2021/8/25/el-mas-condiciona-la-reconciliacion-la-admision-de-que-hubo-golpe-en-2019-306044.html;;;;;;;;;;;;;;;;;;;;
;https://www.paginasiete.bo/seguridad/2021/7/20/gobierno-acusa-cuatro-paises-la-ue-por-supuesto-golpe-301516.html;;;;;;;;;;;;;;;;;;;;
;https://www.paginasiete.bo/nacional/2021/7/19/evo-el-embajador-de-brasil-participo-del-golpe-el-embajador-de-la-ue-tambien-301440.html;;;;;;;;;;;;;;;;;;;;
;https://www.paginasiete.bo/nacional/2021/6/18/mesa-se-acoge-al-silencio-el-mas-lo-amenaza-con-acusarlo-298538.html;;;;;;;;;;;;;;;;;;;;
;https://www.paginasiete.bo/nacional/2021/8/15/mas-gasto-bs-397-millones-para-forzar-la-reeleccion-de-morales-303979.html;;;;;;;;;;;;;;;;;;;;
;https://www.paginasiete.bo/nacional/2021/6/23/aristocracia-masista-evito-que-copa-sea-presidenta-denuncia-exsenador-299044.html;;;;;;;;;;;;;;;;;;;;
;https://eldeber.com.bo/el-deber/a-evo-morales-le-plantearon-cuatro-opciones-y-el-eligio-la-de-jeanine-anez_236263;;;;;;;;;;;;;;;;;;;;
;https://www.paginasiete.bo/nacional/2021/6/24/masistas-que-negociaron-en-la-catolica-son-responsables-de-senkata-sacaba-dice-exsenador-del-mas-299154.html;;;;;;;;;;;;;;;;;;;;
;https://www.paginasiete.bo/nacional/2021/5/10/evo-arremete-contra-charanzova-que-pide-una-justicia-imparcial-294541.html;;;;;;;;;;;;;;;;;;;;
;https://www.paginasiete.bo/nacional/2021/4/30/yucra-acusado-de-cercar-ciudades-pide-renuncia-del-ministro-lima-293601.html;;;;;;;;;;;;;;;;;;;;
;https://www.paginasiete.bo/nacional/2021/8/25/hrw-tilda-de-disparate-acusacion-anez-mas-busca-neutralizar-apoyos-su-favor-306045.html;;;;;;;;;;;;;;;;;;;;
;https://www.paginasiete.bo/nacional/2021/8/25/acorralan-anez-con-denuncias-surgen-grupos-para-hostigarla-306046.html;;;;;;;;;;;;;;;;;;;;
;https://eldeber.com.bo/pais/evo-dice-que-negocio-desde-argentina-con-magistrados-y-vocales-la-sigla-las-elecciones-y-la-sucesion_236954;;;;;;;;;;;;;;;;;;;;
;https://www.corteidh.or.cr/docs/opiniones/seriea_28_esp.pdf;CIDH y GIEI;;;;;;;;;;;;;;;;;;;
;https://cancilleria.gob.bo/webmre/system/files/pdf_banner/2021-GIEI-Bolivia-informe-final.pdf;;;;;;;;;;;;;;;;;;;;
;https://www.paginasiete.bo/nacional/2021/8/13/corte-idh-los-10-danos-que-la-reeleccion-indefinida-causa-la-democracia-video-303896.html;;;;;;;;;;;;;;;;;;;;
;https://www.paginasiete.bo/nacional/2021/6/30/evo-sobre-corte-idh-esa-opinion-consulti-va-no-es-vinculante-ni-retroactiva-299700.html;;;;;;;;;;;;;;;;;;;;
;https://eldeber.com.bo/pais/evo-dice-que-es-hora-de-cerrar-la-oea-y-se-estrella-contra-la-corte-idh_242965;;;;;;;;;;;;;;;;;;;;
;https://eldeber.com.bo/pais/la-corte-idh-publico-el-fallo-la-reeleccion-indefinida-no-es-un-derecho-humano_243059;;;;;;;;;;;;;;;;;;;;
;https://www.paginasiete.bo/nacional/2021/8/10/la-oea-ve-intento-de-validar-la-vergenza-hemisferica-de-2019-303539.html;;;;;;;;;;;;;;;;;;;;
;https://www.paginasiete.bo/nacional/2021/8/14/evo-queda-solo-en-su-defensa-de-la-reeleccion-indefinida-303919.html;;;;;;;;;;;;;;;;;;;;
;https://www.paginasiete.bo/nacional/2021/8/19/el-informe-del-giei-es-el-quinto-reves-la-retorica-del-golpe-de-estado-304396.html;;;;;;;;;;;;;;;;;;;;
;https://eldeber.com.bo/edicion-impresa/evo-dice-que-el-giei-genera-tension-y-el-mas-demora-la-reforma-judicial_244501;;;;;;;;;;;;;;;;;;;;
;https://www.paginasiete.bo/nacional/2021/8/19/giei-quema-de-pumas-casas-de-albarracin-lema-fue-planificada-304395.html;;;;;;;;;;;;;;;;;;;;
;https://www.paginasiete.bo/nacional/2021/8/27/giei-sugiere-reabrir-10-casos-la-mayoria-implica-afines-al-mas-306272.html;;;;;;;;;;;;;;;;;;;;
;https://eldeber.com.bo/edicion-impresa/el-informe-del-giei-dice-que-la-justicia-en-bolivia-no-es-independiente-y-abusa-del-encarcelamiento_243586;;;;;;;;;;;;;;;;;;;;
;https://eldeber.com.bo/edicion-impresa/hay-responsables-en-gobiernos-de-evo-y-anez-el-giei-demanda-reconocer-a-todas-las-victimas_243601;;;;;;;;;;;;;;;;;;;;
;https://eldeber.com.bo/pais/solo-en-el-mes-de-julio-la-onu-emitio-tres-senales-de-preocupacion-por-la-democracia-y-los-ddhh-de-b_240399;;;;;;;;;;;;;;;;;;;;
;https://eldeber.com.bo/opinion/4-mensajes-profundos-del-informe-giei_244190;;;;;;;;;;;;;;;;;;;;
;https://eldeber.com.bo/edicion-impresa/gobierno-emite-senales-para-acatar-el-informe_244196;;;;;;;;;;;;;;;;;;;;
;https://eldeber.com.bo/pais/almagro-recuerda-que-arce-y-richter-reconocieron-el-mandato-de-anez-antes-que-la-oea_244435;;;;;;;;;;;;;;;;;;;;
;https://www.paginasiete.bo/economia/2021/8/19/aprueban-pge-reformulado-que-incluye-credito-de-bs-15000-mm-304404.html;economía y política económica ;;;;;;;;;;;;;;;;;;;
;https://eldeber.com.bo/economia/aprueban-fideicomiso-bs-2000-millones-para-reactivar-las-obras-de-gobiernos-subnacionales_244750;;;;;;;;;;;;;;;;;;;;
;https://www.la-razon.com/economia/2021/06/28/arce-preve-que-hasta-en-ano-y-medio-bolivia-volvera-a-ser-una-economia-ejemplo-de-la-region/;;;;;;;;;;;;;;;;;;;;
;https://eldeber.com.bo/edicion-impresa/el-gobierno-fija-el-censo-para-2022-sorprende-al-mas-y-regiones-anuncian-control_240111;;;;;;;;;;;;;;;;;;;;
;https://eldeber.com.bo/economia/ypfb-desplazo-a-bolivianos-de-la-planta-de-urea-y-duplico-contratacion-de-extranjeros_245009;;;;;;;;;;;;;;;;;;;;
;https://www.lostiempos.com/actualidad/economia/20210504/gobierno-admite-elevada-deuda-publica-este-ano-pagara-us-3714-mm;;;;;;;;;;;;;;;;;;;;
;https://www.paginasiete.bo/economia/2021/8/25/el-pais-recibe-del-fmi-us-3264-mm-monto-similar-al-que-devolvio-306054.html;;;;;;;;;;;;;;;;;;;;
;https://elpais.com/mexico/2021-06-25/la-crisis-expulsa-a-millones-de-personas-de-la-clase-media-latinoamericana.html;;;;;;;;;;;;;;;;;;;;
;https://www.paginasiete.bo/economia/2021/5/28/bolivia-pago-casi-us-1000-mm-por-laudos-hay-seis-casos-en-curso-296409.html;;;;;;;;;;;;;;;;;;;;
;https://eldeber.com.bo/economia/divisas-de-reservas-internacionales-no-llegan-a-los-us- 2000-millones_232522;;;;;;;;;;;;;;;;;;;;
;https://eldeber.com.bo/economia/bolivia-importa-un-promedio-de-us-110-millones-al- mes-en-combustibles-y-lubricantes_242761;;;;;;;;;;;;;;;;;;;;
;https://www.paginasiete.bo/economia/2021/5/8/ypfb-apuesta-por-campos-maduros- importacion-de-crudo-294411.html;;;;;;;;;;;;;;;;;;;;
;https://www.paginasiete.bo/economia/2021/7/5/produccion-de-gas-liquidos-la-baja- advierten-menor-provision-interna-300103.html;;;;;;;;;;;;;;;;;;;;
;https://www.paginasiete.bo/economia/2021/7/30/ypfb-presenta-un-millonario-plan-de- reactivacion-con-17-zonas-explorar-302528.html;;;;;;;;;;;;;;;;;;;;
;https://www.paginasiete.bo/economia/2021/6/26/poco-de-firmar-la-6ta-adenda-bolivia- no-puede-enviar-mas-gas-299292.html;;;;;;;;;;;;;;;;;;;;
;https://eldeber.com.bo/opinion/la-verdad-en-la-palestra-las-cifras-rojas-del-gobierno-de- facto_231597;;;;;;;;;;;;;;;;;;;;
;https://www.paginasiete.bo/economia/2021/8/10/estatales-hay-que-cerrar-las-que-tienen- muerte-cerebral-303526.html;;;;;;;;;;;;;;;;;;;;
;https://www.paginasiete.bo/economia/2021/5/24/chapare-cinco-empresas-obras-estatales- que-costaron-bs-7173-mm-no-se-usan-295958.html;;;;;;;;;;;;;;;;;;;;
;https://www.paginasiete.bo/ideas/2021/5/16/los-ingresos-del-estado-por-explotacion-de- oro-295087.html;;;;;;;;;;;;;;;;;;;;
;https://www.paginasiete.bo/economia/2021/5/17/bolivia-contrato-empresas-chinas-por- cerca-de-6000-millones-de-dolares-295226.html;;;;;;;;;;;;;;;;;;;;
;https://www.paginasiete.bo/economia/2021/5/18/22-empresas-estatales-en-2020-tuvieron- menores-ingresos-295363.html;;;;;;;;;;;;;;;;;;;;
;https://www.paginasiete.bo/economia/2021/6/1/pese-pandemia-la-produccion-de-oro- llego-232-tmf-en-2020-296789.html;;;;;;;;;;;;;;;;;;;;
;https://www.paginasiete.bo/economia/2021/6/27/china-apura-decisiones-para-explotar- litio-en-los-salares-de-uyuni-pastos-grandes-llipi-299411.html;;;;;;;;;;;;;;;;;;;;
;https://www.paginasiete.bo/economia/2021/6/11/exportacion-de-alimentos-crece-en-49- pese-al-contrabando-297813.html;;;;;;;;;;;;;;;;;;;;
;https://www.paginasiete.bo/economia/2021/5/27/tierra-advierte-sobre-expansion-de-los- cultivos-del-agronegocio-296290.html;;;;;;;;;;;;;;;;;;;;
;https://www.paginasiete.bo/economia/2021/5/6/transportistas-bloquean-ingreso-el-centro-por-reactivacion-del-tren-arica-la-paz-294143.html;coRpoRativiSmo ;;;;;;;;;;;;;;;;;;;
;https://www.paginasiete.bo/nacional/2021/6/28/suman-ocho-las-ocasiones-en-que-arce-entrego-bienes-sectores-afines-al-mas-299439.html;;;;;;;;;;;;;;;;;;;;
;https://www.paginasiete.bo/nacional/2021/7/5/gobierno-dio-la-csutcb-desde-sedes-hasta-autos-por-su-lealtad-300101.html;;;;;;;;;;;;;;;;;;;;
;https://www.paginasiete.bo/economia/2021/7/15/cooperativistas-anuncian-batalla-campal-para-ingresar-charopampa-301137.html;;;;;;;;;;;;;;;;;;;;
;https://www.paginasiete.bo/sociedad/2021/8/27/auriferos-alzan-medidas-tras-acuerdo-con-mineria-306257.html;;;;;;;;;;;;;;;;;;;;
;https://eldeber.com.bo/edicion-impresa/hay-12-testigos-contra-el-ministro-quelca-pero-el-mas-cierra-filas-y-busca-la-dimision-de-la-vicemin_240825;;;;;;;;;;;;;;;;;;;;
;https://www.paginasiete.bo/seguridad/2021/7/27/denuncian-quelca-piden-el-secuestro-de-celulares-por-trafico-de-examenes-302193.html;;;;;;;;;;;;;;;;;;;;
;https://eldeber.com.bo/pais/marcha-indigena-de-tierras-bajas-pretende-llegar-a-la-capital- crucena-el-24-de-septiembre_244471;tieRRa y teRRitoRio ;;;;;;;;;;;;;;;;;;;
;https://www.paginasiete.bo/economia/2021/8/1/el-indigena-lino-pena-pierde-la-vida-tras- ataque-de-avasalladores-en-la-chiquitania-302711.html;;;;;;;;;;;;;;;;;;;;
;https://eldeber.com.bo/especiales/trafico-de-tierras-chiquitania-un-botin-politico-y- economico_224775;;;;;;;;;;;;;;;;;;;;
;https://ftierra.org/index.php?option=com_mtree&task=att_download&link_id=220&cf_ id=89 (resumen informe F. Tierra);;;;;;;;;;;;;;;;;;;;
;https://ftierra.org/index.php?option=com_mtree&task=att_download&link_id=220&cf_ id=52 Informe completo despojo de tierras F. Tierra;;;;;;;;;;;;;;;;;;;;
;https://eldeber.com.bo/santa-cruz/los-indigenas-chiquitanos-denuncian-un-plan-para- expulsarlos-de-sus-tierras_240436;;;;;;;;;;;;;;;;;;;;
;https://www.paginasiete.bo/gente/2021/6/22/en-bolivia-se-crearon-cinco-areas- protegidas-en-cinco-meses-298851.html;;;;;;;;;;;;;;;;;;;;
;https://eldeber.com.bo/santa-cruz/interculturales-se-declararon-en-emergencia-aseguran- que-pelearan-por-las-tierras_237603;;;;;;;;;;;;;;;;;;;;
;https://eldeber.com.bo/economia/inra-dice-que-en-gestion-de-anez-se-genero-norma- agraria-para-favorecer-a-un-grupo-privilegiado_239867;;;;;;;;;;;;;;;;;;;;
;https://eldeber.com.bo/santa-cruz/sectores-dicen-que-propuesta-de-ley-de-suelos-apunta- a-las-reversiones_230258;;;;;;;;;;;;;;;;;;;;
;https://eldeber.com.bo/economia/informe-tecnico-establece-que-reserva-de-bajo- paragua-es-tierra-fiscal-no-disponible_240547;;;;;;;;;;;;;;;;;;;;
;https://eldeber.com.bo/pais/evo-censura-el-congreso-por-la-tierra-y-dice-que-fue- organizado-por-logias 237634;;;;;;;;;;;;;;;;;;;;
;https://eldeber.com.bo/economia/alcalde-de-san-ignacio-refuerza-lucha-por-la-tierra- con-la-entrega-de-documentos-de-denuncias_237846;;;;;;;;;;;;;;;;;;;;
;https://www.paginasiete.bo/economia/2021/5/6/exigen-asumir-medidas-contra-trafico- de-tierras-294112.html;;;;;;;;;;;;;;;;;;;;
;https://eldeber.com.bo/edicion-impresa/surgen-nuevas-denuncias-de-comunidades- fantasma-y-desmontes-grandes-en-la-chiquitania_236939;;;;;;;;;;;;;;;;;;;;
;https://eldeber.com.bo/edicion-impresa/segun-evo-camacho-usa-la-tierra-para-impulsar- el-separatismo_239643;;;;;;;;;;;;;;;;;;;;
;https://eldeber.com.bo/santa-cruz/alcalde-de-san-ignacio-pide-a-la-abt-desalojar-a- personas-de-la-reserva-bajo-paragua_239164;;;;;;;;;;;;;;;;;;;;
;https://eldeber.com.bo/economia/vicepresidente-cuestiona-que-las-tierras-sean-para- unos-cuantos-y-camacho-lo-acusa-de-crear-una-comi_236722;;;;;;;;;;;;;;;;;;;;
;https://eldeber.com.bo/santa-cruz/en-robore-denuncian-que-colonos-tienen-resolucion- del-inra-desde-2017-y-recien-quieren-asentarse_233918;;;;;;;;;;;;;;;;;;;;
;https://www.paginasiete.bo/gente/2021/7/20/narcotrafico-el-trafico-de-tierras-entran-con- la-deforestacion-zonas-indigenas-301465.html;;;;;;;;;;;;;;;;;;;;
;https://www.paginasiete.bo/sociedad/2021/8/21/revolucion-agraria-para-salvar-la-madre- tierra-304643.html;;;;;;;;;;;;;;;;;;;;
;https://www.paginasiete.bo/sociedad/2021/8/25/el-fuego-ya-devora-bosques-de-ocho-areas-naturales-306021.html;Incendios;;;;;;;;;;;;;;;;;;;
;https://eldeber.com.bo/santa-cruz/incendios-forestales-en-caceres-brasil-arrasan-con-animales-en-estancias-ganaderas_244537;;;;;;;;;;;;;;;;;;;;
;https://eldeber.com.bo/santa-cruz/el-dano-mayor-de-los-incendios-ha-sido-en-las-areas-protegidas_244355;;;;;;;;;;;;;;;;;;;;
;https://www.paginasiete.bo/sociedad/2021/7/9/arden-4500-ha-en-san-matias-abt-revierte-ley-contra-ince;;;;;;;;;;;;;;;;;;;;
;https://eldeber.com.bo/santa-cruz/los-incendios-ya-arrasaron-con-mas-de-150000-hectareas-en-santa-cruz-y-el-gobierno-minimiza-el-avanc_242389;;;;;;;;;;;;;;;;;;;;
;https://eldeber.com.bo/edicion-impresa/en-medio-del-fuego-el-gobierno-y-la-gobernacion-no-terminan-de-coordinar_242535;;;;;;;;;;;;;;;;;;;;
;https://eldeber.com.bo/santa-cruz/denuncian-que-mientras-los-bomberos-arriesgan-sus-vidas-los-colonos-chaquean-y-toman-posesion_244186;;;;;;;;;;;;;;;;;;;;
;https://eldeber.com.bo/santa-cruz/la-superficie-quemada-se-cuadriplico-a-mas-de-400-mil-ha-a-pesar-de-la-prohibicion_244198;;;;;;;;;;;;;;;;;;;;
;https://eldeber.com.bo/santa-cruz/chiquitanos-desalojaron-a-interculturales-que-chaqueaban-aseguran-que-se-alistaban-para-quemar_244093;;;;;;;;;;;;;;;;;;;;
;https://eldeber.com.bo/pais/el-gobierno-erradico-800-hectareas-de-coca-en-lo-que-va-del-ano_231592;Coca, Cocaína;;;;;;;;;;;;;;;;;;;
;https://eldeber.com.bo/pais/el-narcotrafico-penetra-ocho-areas-protegidas-con-megalabo-ratorios_232686;;;;;;;;;;;;;;;;;;;;
;https://www.paginasiete.bo/seguridad/2021/6/28/bolivia-sube-produccion-potencial-de-cocaina-en-44-segun-informe-de-eeuu-299469.html;;;;;;;;;;;;;;;;;;;;
;https://eldeber.com.bo/santa-cruz/la-erradicacion-de-coca-en-bolivia-llega-al-27-de-la-meta-de-2021_239631;;;;;;;;;;;;;;;;;;;;
;https://www.paginasiete.bo/gente/2021/5/14/arboles-frutales-plagas-falta-de-agua-el-paso-del-cambio-climatico-por-el-ilimani-294953.html;cambio climático-medioambiente ;;;;;;;;;;;;;;;;;;;
;https://www.paginasiete.bo/ideas/2021/5/30/mercurio-oro-destruccion-en-los-yungas-296555.html;;;;;;;;;;;;;;;;;;;;
;https://eldeber.com.bo/te-puede-interesar/el-lento-envenenamiento-de-los-indigenas-lecos-por-mercurio_242343;;;;;;;;;;;;;;;;;;;;
;https://www.paginasiete.bo/sociedad/2021/7/4/cementerio-de-abejas-punta-del-iceberg-del-impacto-agroquimico-300022.html;;;;;;;;;;;;;;;;;;;;
;https://elpais.com/america/economia/termometro-social-de-america/2021-06-04/el-mercurio-dorado-que-amenaza-a-la-amazonia.html;;;;;;;;;;;;;;;;;;;;
;https://eldeber.com.bo/santa-cruz/se-mueren-las-abejas-en-rio-grande-mas-de-300- colmenas-quedaron-en-nada-golpeando-la-economia-de-api_236162;;;;;;;;;;;;;;;;;;;;
;https://www.paginasiete.bo/sociedad/2021/8/30/falta-de-agua-en-cochabamba-enfrenta- 20000-regantes-306519.html;;;;;;;;;;;;;;;;;;;;
;https://www.paginasiete.bo/nacional/2021/5/1/los-ganaderos-acuden-evo-le-piden-que- interceda-ante-arce-para-exportar-carne-293653.html;;;;;;;;;;;;;;;;;;;;
;https://www.paginasiete.bo/economia/2021/5/9/nueve-normas-vetan-transgenicos-seis- los-avalan-294429.html;;;;;;;;;;;;;;;;;;;;
;https://www.paginasiete.bo/economia/2021/5/22/azucareros-plantean-aumentar-la- produccion-de-etanol-para-impulsar-la-economia-295882.html;;;;;;;;;;;;;;;;;;;;
;https://eldeber.com.bo/economia/agro-ofrece-sumar-us-2000-millones-en-exportaciones- y-duplicar-los-empleos_232706;;;;;;;;;;;;;;;;;;;;
;https://eldeber.com.bo/santa-cruz/los-medicos-estan-impagos-en-los-nueve-departamentos-del-pais_235118;Información sanitaria;;;;;;;;;;;;;;;;;;;
;https://www.paginasiete.bo/sociedad/2021/6/18/mas-de-3000-medicos-salubristas-trabajan-sin-sueldo-desde-hace-meses-298563.html;;;;;;;;;;;;;;;;;;;;
;https://www.paginasiete.bo/sociedad/2021/6/14/el-sus-no-logra-cubrir-todas-las-necesidades-de-los-casos-covid-298084.html;;;;;;;;;;;;;;;;;;;;
;https://www.paginasiete.bo/gente/2021/6/28/alertan-que-hasta-92-mil-ninos-ninas-adolescentes-empezaran-trabajar-por-la-covid-299435.html;;;;;;;;;;;;;;;;;;;;
;https://www.paginasiete.bo/sociedad/2021/9/3/la-tercera-ola-fue-la-mas-letal-en-el-pais-la-vacunacion-clave-en-la-cuarta-ola-306929.html;;;;;;;;;;;;;;;;;;;;
;https://www.paginasiete.bo/sociedad/2021/8/30/castro-dice-que-autoridades-regionales- de-salud-seran-responsables-de-la-cuarta-ola-si-no-vacunan-306564.html;nuevaS autoRidadeS ;;;;;;;;;;;;;;;;;;;
;https://eldeber.com.bo/pais/eva-copa-abraza-al-presidente-arce-hasta-las-lagrimas-y- promete-defensa-de-su-gobierno_243162;;;;;;;;;;;;;;;;;;;;
;https://www.paginasiete.bo/seguridad/2021/5/29/queman-la-casa-de-damian-condori- gobernador-de-chuquisaca-296534.html;;;;;;;;;;;;;;;;;;;;
;https://www.paginasiete.bo/nacional/2021/7/1/arias-camacho-montes-reyes-villa-en-la- mira-por-denuncias-299762.html;;;;;;;;;;;;;;;;;;;;
;https://www.paginasiete.bo/nacional/2021/5/27/condori-tuvo-que-dejar-su-duelo-ante- intento-del-mas-de-ocupar-su-cargo-296385.html;;;;;;;;;;;;;;;;;;;;
;https://www.paginasiete.bo/nacional/2021/6/20/dulon-desde-que-ganamos-la-alcaldia- hay-amedrentamiento-298740.html;;;;;;;;;;;;;;;;;;;;
;https://eldeber.com.bo/santa-cruz/el-centralismo-le-debe-al-eje-principal-del-pais-miles- de-millones-de-bolivianos-que-se-notan-en-la-_234417;;;;;;;;;;;;;;;;;;;;
;https://eldeber.com.bo/edicion-impresa/eva-copa-interpela-al-mas-y-proclama-el-inicio-de-un-proceso-de-renovacion_230573;;;;;;;;;;;;;;;;;;;;
;https://www.lostiempos.com/actualidad/pais/20210504/copa-habla-contradicciones-proceso-cambio-senala-que-no-podia-ser-complice;;;;;;;;;;;;;;;;;;;;
;https://eldeber.com.bo/politica/santa-cruz-y-el-alto-estrechan-lazos-a-traves-de-acuerdos-publico-privados_234970;;;;;;;;;;;;;;;;;;;;
;https://www.paginasiete.bo/nacional/2021/7/27/el-quiebre-en-jallalla-se-profundiza-copa-afirma-que-no-forma-parte-de-ese-partido-302214.html;;;;;;;;;;;;;;;;;;;;
;https://www.la-razon.com/nacional/2021/06/01/morales-murillo-retiro-dinero-de-sus-cuentas-en-las-narices-de-la-fiscalia-general-y-de-la-uif/;muRillo miami ;;;;;;;;;;;;;;;;;;;
;https://www.la-razon.com/nacional/2021/05/27/tras-detencion-de-murillo-morales-dice-que-la-oposicion-se-quedo-sin-discurso/;;;;;;;;;;;;;;;;;;;;
;https://eldeber.com.bo/edicion-impresa/denuncian-a-magistrados-del-tcp-de-cometer-delitos-iran-a-cortes-internacionales_232254;delitoS tcp ;;;;;;;;;;;;;;;;;;;
;https://www.paginasiete.bo/nacional/2021/5/18/cuestionamientos-aumentan-el-tcp-insiste-en-negar-sentencia-295380.html;;;;;;;;;;;;;;;;;;;;
;https://www.paginasiete.bo/nacional/2021/5/14/abogados-alertan-que-el-tcp-manipula-sus-propios-fallos-295002.html;;;;;;;;;;;;;;;;;;;;
;https://www.paginasiete.bo/seguridad/2021/7/15/fiscalia-exime-de-culpa-los-principales-imputados-por-la-quema-de-pumakataris-301114.html;fiScalía ;;;;;;;;;;;;;;;;;;;
;https://www.paginasiete.bo/seguridad/2021/7/16/mas-de-20-fallos-dejan-impunes-actos-de-vandalismo-del-mas-301204.html;;;;;;;;;;;;;;;;;;;;
;https://www.paginasiete.bo/seguridad/2021/8/23/corrupcion-en-el-mas-sin-sentencias-con-plazos-vencidos-recursos-perdidos-305793.html;;;;;;;;;;;;;;;;;;;;
;https://www.paginasiete.bo/seguridad/2021/8/30/cuestionan-comandante-de-las-ffaa-por- permitir-procesos-contra-militares-306499.html;ff. aa. ;;;;;;;;;;;;;;;;;;;
;https://www.paginasiete.bo/nacional/2021/7/4/exjefes-militares-procesados-por-el- supuesto-golpe-son-enviados-la-carcel-300079.html;;;;;;;;;;;;;;;;;;;;
;https://eldeber.com.bo/pais/garcia-linera-desmiente-declaraciones-del-general-terceros-y- reuniones-con-el-alto-mando_238112;;;;;;;;;;;;;;;;;;;;
;https://www.paginasiete.bo/seguridad/2021/7/8/garcia-exministros-terceros-se-acusan-contradicen-en-12-acciones-de-las-ffaa-300426.html;;;;;;;;;;;;;;;;;;;;
;https://eldeber.com.bo/pais/11-datos-que-revelan-nuevos-detalles-de-las-ultimas-horas - de-evo-en-el-poder-segun-la-declaracion-de_237929;;;;;;;;;;;;;;;;;;;;
;https://www.paginasiete.bo/nacional/2021/7/6/terceros-evo-siguio-ordenando-las-ffaa- hasta-30-horas-tras-su-renuncia-300227.html;;;;;;;;;;;;;;;;;;;;
;https://www.paginasiete.bo/nacional/2021/7/6/ffaa-policia-la-defensoria-sugirieron-evo- dimitir-cuando-el-ya-lo-habia-decidido-300226.html;;;;;;;;;;;;;;;;;;;;
;https://eldeber.com.bo/edicion-impresa/la-policia-inicia-proceso-para-contar-con-20- generales-y-en-las-ffaa-expresan-malestar_244200;;;;;;;;;;;;;;;;;;;;
;https://eldeber.com.bo/pais/vaciar-el-bolsillo-de-los-ricos-y-entregar-a-los-pobres-el-llamado-de-quintana-a-los-militantes-del-_244887;dichoS del gabinete de campaña ;;;;;;;;;;;;;;;;;;;
;https://www.paginasiete.bo/nacional/2021/6/24/quintana-ley-de-ascensos-triunfo-que-ni-la-dictadura-concedio-la-policia-299159.html;;;;;;;;;;;;;;;;;;;;
;https://www.paginasiete.bo/nacional/2021/6/26/desde-2020-quintana-critico-en-ocasiones-al-gobierno-de-luis-arce-299317.html;;;;;;;;;;;;;;;;;;;;
;https://www.paginasiete.bo/nacional/2021/7/14/garcia-plantea-nueva-oleada-de-nacionalizaciones-300979.html;;;;;;;;;;;;;;;;;;;;
;https://www.paginasiete.bo/nacional/2021/8/27/quintana-busca-ampliar-base-del-mas-con-poblacion-lgtbi-vengan-los-vamos-mimar-306316.html;;;;;;;;;;;;;;;;;;;;
2;https://www.paginasiete.bo/economia/2021/8/19/gremiales-rechazan-proyecto-de-ley-de-legitimacion-de-ganancias-ilicitas-anuncian-marchas-304451.html;maRchaS y contRamaRchaS ;;;;;;;;;;;;;;;;;;;
;https://www.paginasiete.bo/economia/2021/9/9/proyectan-normar-estadisticas-advierten-limites-informacion-307619.html;;;;;;;;;;;;;;;;;;;;
;https://www.paginasiete.bo/nacional/2021/9/17/oposicion-dice-que-ley-busca-anular-el-secreto-profesional-308444.html;;;;;;;;;;;;;;;;;;;;
;https://www.paginasiete.bo/sociedad/2021/9/18/polemica-cnc-respalda-la-ley-contra-ganancias-iiicitas-oposicion-la-veta-308541.html;;;;;;;;;;;;;;;;;;;;
;https://www.paginasiete.bo/seguridad/2021/9/27/gremiales-transportistas-otros-sectores-yunguenos-se-suman-movilizacion-cocalera-309412.html;;;;;;;;;;;;;;;;;;;;
;https://eldeber.com.bo/edicion-impresa/diez-sectores-en-alerta-contra-ley-de-ganancias-ilicitas-y-anuncian-medidas_248996;;;;;;;;;;;;;;;;;;;;
;https://www.paginasiete.bo/nacional/2021/10/7/gobierno-de-arce-decepciono-al-menos-cuatro-sectores-311387.html;;;;;;;;;;;;;;;;;;;;
;https://www.paginasiete.bo/nacional/2021/10/7/hay-choferes-de-base-que-ya-no-se-sienten-representados-311388.html;;;;;;;;;;;;;;;;;;;;
;https://eldeber.com.bo/edicion-impresa/el-gobierno-sale-a-aclarar-dudas-sobre-el-proyecto-de-ley-pero-crece-el-rechazo_250220;;;;;;;;;;;;;;;;;;;;
;https://www.paginasiete.bo/nacional/2021/10/10/con-sancion-ley-obliga-publicos-privados-entregar-datos-al-ine-311668.html;;;;;;;;;;;;;;;;;;;;
;https://www.paginasiete.bo/nacional/2021/10/11/arce-afronta-su-primer-paro-vuelve-la-tension-de-octubre-311774.html;;;;;;;;;;;;;;;;;;;;
;https://eldeber.com.bo/pais/gobierno-propone-enviar-a-control-constitucional-el-proyecto-de-ley-de-legitimacion-de-ganancias-ili_250569;;;;;;;;;;;;;;;;;;;;
;https://www.paginasiete.bo/nacional/2021/10/11/cooperativas-sobre-ley-antilegitimacion-presidente-reflexione-veremos-quien-gana-en-las-calles-311833.html;;;;;;;;;;;;;;;;;;;;
;https://eldeber.com.bo/santa-cruz/santa-cruz-paro-gremiales-fueron-el-bastion-y-mineros-lanzan-advertencia_250701;;;;;;;;;;;;;;;;;;;;
;https://eldeber.com.bo/economia/cuatro-sectores-apoyan-la-protesta-y-gobierno-estima-dano-en-us-112-millones_250700;;;;;;;;;;;;;;;;;;;;
;https://eldeber.com.bo/economia/ministro-de-economia-ley-contra-la-legitimacion-de-ganancias-ilicitas-evitara-sanciones-internaciona_250635;;;;;;;;;;;;;;;;;;;;
;https://eldeber.com.bo/pais/gobierno-retira-el-proyecto-de-ley-contra-la-legitimacion-de-ganancias-ilicitas-y-suspende-su-tratam_251100;;;;;;;;;;;;;;;;;;;;
;https://eldeber.com.bo/pais/gobierno-adelanta-que-habra-consecuencias-al-incumplir-la- aprobacion-de-la-ley-contra-la-legitimacio ;;;;;;;;;;;;;;;;;;;;
;https://www.lostiempos.com/actualidad/pais/20211018/ratifican-movilizaciones-ley-1386- gobierno-pide-dialogo;;;;;;;;;;;;;;;;;;;;
;https://www.paginasiete.bo/nacional/2021/10/18/pacto-de-unidad-reunido-con-arce- declara-emergencia-ante-cualquier-intento-de-desestabilizacion-312543.html;;;;;;;;;;;;;;;;;;;;
;https://eldeber.com.bo/edicion-impresa/gobierno-sale-a-explicar-la-ley-madre-pero- sectores-ratifican-marchas-y-paros_251735;;;;;;;;;;;;;;;;;;;;
;https://eldeber.com.bo/edicion-impresa/llamado-al-dialogo-por-ley-madre-no-para- medidas-y-suman-sectores-en-apronte_252039;;;;;;;;;;;;;;;;;;;;
;https://eldeber.com.bo/pais/manifestantes-rechazan-injerencia-politica-y-suman-adeptos- contra-la-ley-1386_251956;;;;;;;;;;;;;;;;;;;;
;https://www.paginasiete.bo/nacional/2021/10/22/contraofensiva-del-mas-no-frena- protestas-en-regiones-312898.html;;;;;;;;;;;;;;;;;;;;
;https://www.paginasiete.bo/economia/2021/7/30/ley-madre-que-dice-la-ley-1386-que- moviliza-gremiales-transportistas-magisterio-civicos-302492.html;;;;;;;;;;;;;;;;;;;;
;https://www.paginasiete.bo/nacional/2021/10/29/10-sectores-iran-al-paro-indefinido- contra-la-ley-1386-desde-el-lunes-313629.html;;;;;;;;;;;;;;;;;;;;
;https://eldeber.com.bo/edicion-impresa/en-un-ano-la-asamblea-aprobo-53-leyes-cada- norma-costo-a-los-bolivianos-bs-44-millones_253221;;;;;;;;;;;;;;;;;;;;
;https://eldeber.com.bo/pais/senadores-aprueba-en-grande-un-proyecto-de-ley-que-segun- la-oposicion-pulverizara-la-autonomia_253336;;;;;;;;;;;;;;;;;;;;
;https://eldeber.com.bo/edicion-impresa/seis-sectores-buscan-que-el-paro-sea-un-exito-y- civicos-evaluan-su-participacion_253359;;;;;;;;;;;;;;;;;;;;
;https://eldeber.com.bo/edicion-impresa/choquehuanca-y-sectores-afines-al-mas-buscan- frenar-el-paro-y-lanzan-amenazas_253755;;;;;;;;;;;;;;;;;;;;
;https://eldeber.com.bo/edicion-impresa/el-ejercito-envia-tanques-a-todo-el-pais-para- inedito-desfile-militar_253756;;;;;;;;;;;;;;;;;;;;
;https://eldeber.com.bo/pais/arce-niega-que-exista-un-enemigo-interno-en-su-gobierno-y- destaca-movilizacion-de-tropas-para-celebr_253877;;;;;;;;;;;;;;;;;;;;
;https://www.paginasiete.bo/nacional/2021/11/8/policia-toma-las-ciudades-para- desbloquear-evitar-concentraciones-314564.html;;;;;;;;;;;;;;;;;;;;
;https://www.paginasiete.bo/nacional/2021/11/8/paro-civico-indefinido-nacional-inicia- segundo-ano-de-gestion-de-luis-arce-314544.html;;;;;;;;;;;;;;;;;;;;
;https://eldeber.com.bo/santa-cruz/cod-marcha-con-encapuchados-armados-con-palos- nos-vemos-obligados-a-desbloquear_254061;;;;;;;;;;;;;;;;;;;;
;https://www.paginasiete.bo/nacional/2021/11/12/se-abre-el-dialogo-en-potosi-el-gobierno-convoca-gremiales-314964.html;;;;;;;;;;;;;;;;;;;;
;https://www.paginasiete.bo/nacional/2021/11/12/nueve-sectores-del-mas-estan-en-pie-de-lucha-evo-presenta-sus-soldados-arce-314967.html;;;;;;;;;;;;;;;;;;;;
;https://eldeber.com.bo/edicion-impresa/hay-sectores-afines-al-mas-que-piden-abrogar-ley-1386-y-crece-la-protesta-en-el-pais_254660;;;;;;;;;;;;;;;;;;;;
;https://eldeber.com.bo/edicion-impresa/seis-regiones-se-suman-a-la-protesta-contra-la-ley-1386-con-ruidosas-marchas_254662;;;;;;;;;;;;;;;;;;;;
;https://eldeber.com.bo/santa-cruz/encapuchados-abandonaron-las-camionetas-usadas-contra-el-bloqueo_254678;;;;;;;;;;;;;;;;;;;;
;https://eldeber.com.bo/pais/del-gobernador-de-la-paz-al-presidente-arce-es-facil-anule-esa-ley-y-todo-se-va-a-calmar_254779;;;;;;;;;;;;;;;;;;;;
;https://eldeber.com.bo/santa-cruz/arce-anuncia-abrogacion-de-la-ley-1386-y-todavia-no-se-levanta-el-paro_254881;;;;;;;;;;;;;;;;;;;;
;https://www.paginasiete.bo/nacional/2021/11/14/evo-hay-que-reconocer-que-nadie-conocia-anexos-de-la-ley-1386-afectaba-la-economia-informal-315170.html;;;;;;;;;;;;;;;;;;;;
;https://eldeber.com.bo/santa-cruz/se-mantiene-el-paro-multisectorial-y-la-lucha-continua-hasta-que-se-agende-la-reposicion-de-los-23_254942;;;;;;;;;;;;;;;;;;;;
;https://eldeber.com.bo/pais/choquehuanca-todo-tiene-su-limite-no-despierten-la-ira-del-inca_254908;;;;;;;;;;;;;;;;;;;;
;https://eldeber.com.bo/santa-cruz/sectores-del-mas-reclaman-por-falta-de-coordinacion- e-imposicion-en-la-asamblea_254937;;;;;;;;;;;;;;;;;;;;
;https://eldeber.com.bo/edicion-impresa/arce-endurece-su-discurso-y-el-paro-sigue-hasta- que-abroguen-la-ley-1386_254965;;;;;;;;;;;;;;;;;;;;
;https://www.paginasiete.bo/nacional/2021/11/16/gremiales-transportistas-estan- dispuestos-levantar-el-paro-315300.html;;;;;;;;;;;;;;;;;;;;
;https://eldeber.com.bo/edicion-impresa/choquehuanca-abroga-la-ley-1386-y-en-santa- cruz-se-levanta-el-paro_255309;;;;;;;;;;;;;;;;;;;;
;https://eldeber.com.bo/edicion-impresa/agropecuarios-crucenos-exigen-imparcialidad-en-la-revision-de-titulos-de-tierras_241761;luchaS poR tieRRa y teRRitoRioS ;;;;;;;;;;;;;;;;;;;
;https://eldeber.com.bo/especiales/trafico-de-tierras-chiquitania-un-botin-politico-y-economico_224775;;;;;;;;;;;;;;;;;;;;
;https://eldeber.com.bo/santa-cruz/el-dano-mayor-de-los-incendios-ha-sido-en-las-areas-protegidas_244355;;;;;;;;;;;;;;;;;;;;
;https://eldeber.com.bo/santa-cruz/civicos-advierten-que-la-politica-de-colonizacion-intensiva-permitira-el-desmonte-de-500000-hectarea_241483;;;;;;;;;;;;;;;;;;;;
;https://eldeber.com.bo/santa-cruz/hacen-notariar-el-acta-que-firmaron-a-la-fuerza-las-victimas-del-secuestro-en-las-londras_255595;;;;;;;;;;;;;;;;;;;;
;https://www.paginasiete.bo/seguridad/2021/11/6/director-del-inra-dice-que-por-orden-superior-fue-las-londras-314422.html;;;;;;;;;;;;;;;;;;;;
;https://eldeber.com.bo/santa-cruz/el-director-del-inra-cae-en-contradicciones-ante-la-comision-de-fiscales-y-la-felcc_253757;;;;;;;;;;;;;;;;;;;;
;https://eldeber.com.bo/economia/conferencia-de-prensa-del-director-del-inra-termina-en-bochorno-y-este-no-aclara-su-relacion-con-gru_253546;;;;;;;;;;;;;;;;;;;;
;https://eldeber.com.bo/pais/interculturales-piden-al-ministro-de-gobierno-reflexionar-por-decir-que-el-grupo-que-secuestro-a-per_253293;;;;;;;;;;;;;;;;;;;;
;https://www.paginasiete.bo/seguridad/2021/11/2/los-interculturales-niegan-un-vinculo-con-secuestradores-314016.html;;;;;;;;;;;;;;;;;;;;
;https://eldeber.com.bo/santa-cruz/tras-asentamientos-en-las-londras-director-del-inra-admite-fuga-de-informacion-sobre-tierras-en-liti_253349;;;;;;;;;;;;;;;;;;;;
;https://www.paginasiete.bo/seguridad/2021/11/2/en-una-semana-avasalladores-ejecutaron-tres-ataques-armados-en-las-londras-314014.html;;;;;;;;;;;;;;;;;;;;
;https://eldeber.com.bo/santa-cruz/hay-41-tomas-ilegales-de-tierras-y-bloquean-para-exigir-titulacion-en-las-londras_253350;;;;;;;;;;;;;;;;;;;;
;https://eldeber.com.bo/santa-cruz/se-vienen-capturas-por-caso-de-secuestro-y-torturas-hay-4-encapuchados-identificados_253356;;;;;;;;;;;;;;;;;;;;
;https://eldeber.com.bo/santa-cruz/fiscalia-ordena-aprehension-de-tres-secuestradores-de-las-londras-y-cita-al-director-del-inra_253331;;;;;;;;;;;;;;;;;;;;
;https://eldeber.com.bo/pais/el-inra-asegura-que-tierras-en-disputa-estan-en-un-area-forestal-y-que-ningun-sector-puede-asentarse_253178;;;;;;;;;;;;;;;;;;;;
;https://www.paginasiete.bo/nacional/2021/11/1/el-mas-critica-la-policia-los-avasalladores-estan-impunes-313882.html;;;;;;;;;;;;;;;;;;;;
;https://eldeber.com.bo/santa-cruz/destituyen-a-dos-fiscales-por-presion-de-grupos-armados-de-avasalladores_253177;;;;;;;;;;;;;;;;;;;;
;https://eldeber.com.bo/economia/inra-informa-que-dos-personas-fueron-aprehendidas-por-denuncia-de-trafico-de-tierras_251298;;;;;;;;;;;;;;;;;;;;
;https://eldeber.com.bo/santa-cruz/ganadero-hay-grupos-irregulares-que-buscan-el-derramamiento-de-sangre-en-san-jose_251269;;;;;;;;;;;;;;;;;;;;
;https://eldeber.com.bo/edicion-impresa/los-interculturales-y-campesinos-tienen-mas-tierras-que-indigenas_250201;;;;;;;;;;;;;;;;;;;;
;https://eldeber.com.bo/santa-cruz/balean-al-hijo-de-un-cacique-chiquitano-que-participa-de-la-marcha-por-la-tierra_250027;;;;;;;;;;;;;;;;;;;;
;https://eldeber.com.bo/santa-cruz/diputados-proponen-comision-para-revisar-la-dotacion-de-tierras_248474;;;;;;;;;;;;;;;;;;;;
;https://eldeber.com.bo/santa-cruz/senado-homenajea-a-percy-e-interculturales_248483;;;;;;;;;;;;;;;;;;;;
;https://eldeber.com.bo/santa-cruz/hay-grandes-hornos-en-la-chiquitania-que-hacen-crecer-el-negocio-del-carbon_247869;;;;;;;;;;;;;;;;;;;;
;https://eldeber.com.bo/santa-cruz/hay-dos-detenidos-por-avasallamientos-y-comunarios-apuntan-al-alcalde-de-el-puente-como-responsable-_247889;;;;;;;;;;;;;;;;;;;;
;https://www.paginasiete.bo/seguridad/2021/9/20/defensoria-del-pueblo-condena-violencia-de-avasalladores-en-guarayos-308739.html;;;;;;;;;;;;;;;;;;;;
;https://eldeber.com.bo/santa-cruz/avasalladores-hieren-a-balazos-a-un-productor-de-soya-esta-en-terapia-intensiva_247773;;;;;;;;;;;;;;;;;;;;
;https://eldeber.com.bo/edicion-impresa/marcial-fabricano-el-mas-manipula-y-vive-de-la-division-de-los-indigenas_247742;;;;;;;;;;;;;;;;;;;;
;https://eldeber.com.bo/santa-cruz/en-guarayos-amenazan-con-armas-por-tierras-los-indigenas-instalan-sesion_247508;;;;;;;;;;;;;;;;;;;;
;https://eldeber.com.bo/santa-cruz/dos-policias-no-aparecen-y-abandonan-una-patrulla_256386;;;;;;;;;;;;;;;;;;;;
;https://eldeber.com.bo/santa-cruz/cae-un-encapuchado-toman-de-rehen-a-un-coronel-y-disparan-a-fiscales-y-policias_256385;;;;;;;;;;;;;;;;;;;;
;https://eldeber.com.bo/santa-cruz/el-director-del-inra-admite-y-se-lamenta-por-apoyar-a-sus-organizaciones-sociales_255453;;;;;;;;;;;;;;;;;;;;
;https://eldeber.com.bo/santa-cruz/la-fiscalia-amplia-5-delitos-contra-los-encapuchados-armados-de-las-londras_255928;;;;;;;;;;;;;;;;;;;;
;https://www.paginasiete.bo/nacional/2021/11/1/diputado-del-mas-dice-que-los-hermanos-de-guarayos-solo-tenian-una-escopeta-en-el-altercado-313938.html;;;;;;;;;;;;;;;;;;;;
;https://eldeber.com.bo/santa-cruz/grupos-armados-retornan-a-las-londras-y-frenan-inspeccion-de-tecnicos-de-la-gobernacion_253654;;;;;;;;;;;;;;;;;;;;
;https://eldeber.com.bo/santa-cruz/avasalladores-armados-retornan-a-la-zona-del-secuestro-de-17-personas_253744;;;;;;;;;;;;;;;;;;;;
;https://www.paginasiete.bo/seguridad/2021/11/19/piden-investigar-nexo-de-director-del- inra-con-los-avasalladores-315650.html;;;;;;;;;;;;;;;;;;;;
;https://eldeber.com.bo/santa-cruz/jefe-del-inra-confiesa-que-fue-a-las-londras-guiado- por-un-acusado-de-balear-a-policias_253935;;;;;;;;;;;;;;;;;;;;
;https://eldeber.com.bo/santa-cruz/avasalladores-desalojados-por-vecinos-de-warnes- dejan-documentos-que-muestra-red-organizada-de-trafi_253438;;;;;;;;;;;;;;;;;;;;
;https://eldeber.com.bo/pais/senadores-aprueba-en-grande-un-proyecto-de-ley-que-segun- la-oposicion-pulverizara-la-autonomia_253336;;;;;;;;;;;;;;;;;;;;
;https://eldeber.com.bo/santa-cruz/surgen-sospechas-sobre-la-presencia-de-grupos- irregulares-en-san-julian_256382;;;;;;;;;;;;;;;;;;;;
;https://eldeber.com.bo/santa-cruz/aprehendido-es-lider-de-un-grupo-afin-al- oficialismo_256381;;;;;;;;;;;;;;;;;;;;
;https://www.paginasiete.bo/economia/2021/8/10/estatales-hay-que-cerrar-las-que-tienen- muerte-cerebral-303526.html;;;;;;;;;;;;;;;;;;;;
;https://www.paginasiete.bo/economia/2021/8/19/aprueban-pge-reformulado-que-incluye- credito-de-bs-15000-mm-304404.html;economía, caída de ingReSoS fiScaleS y déficit de empReSaS eStataleS ;;;;;;;;;;;;;;;;;;;
;https://www.paginasiete.bo/economia/2021/8/25/el-pais-recibe-del-fmi-us-3264-mm- monto-similar-al-que-devolvio-306054.html;;;;;;;;;;;;;;;;;;;;
;https://eldeber.com.bo/economia/ingenio-estatal-san-buenaventura-apenas-cuenta-con- el-30-de-cana-para-operar-segun-estudio-del-cedla_245339;;;;;;;;;;;;;;;;;;;;
;https://www.paginasiete.bo/economia/2021/8/30/san-buenaventura-se-provee-de-cana- de-beni-luego-de-fracasos-306543.html;;;;;;;;;;;;;;;;;;;;
;https://www.paginasiete.bo/economia/2021/9/1/tras-caer—129-la-actividad-economica- crece-en-87-junio-306724.html;;;;;;;;;;;;;;;;;;;;
;https://eldeber.com.bo/edicion-impresa/la-coca-esta-en-franca-expansion-y-el-25-por- encima-del-limite-legal_245446;;;;;;;;;;;;;;;;;;;;
;https://www.paginasiete.bo/economia/2021/9/3/exportacion-minera-crece-117-activa- economia-segun-expertos-306966.html;;;;;;;;;;;;;;;;;;;;
;https://eldeber.com.bo/economia/litio-sin-avance-pese-a-inversion-de-us-1000- millones_245934;;;;;;;;;;;;;;;;;;;;
;https://eldeber.com.bo/santa-cruz/el-cambio-climatico-hace-estragos-en-bolivia-y-la- deforestacion-se-acelera_246037;;;;;;;;;;;;;;;;;;;;
;https://www.paginasiete.bo/economia/2021/9/6/arce-reactiva-planta-de-urea-anuncia- estudios-para-instalar-otra-similar-307298.html;;;;;;;;;;;;;;;;;;;;
;https://www.paginasiete.bo/economia/2021/9/12/mi-teleferico-tiene-perdidas-pero-los- usuarios-destacan-el-servicio-307899.html;;;;;;;;;;;;;;;;;;;;
;https://eldeber.com.bo/opinion/alta-culinaria-estadistica-con-el-pib_247678;;;;;;;;;;;;;;;;;;;;
;https://eldeber.com.bo/pais/no-hay-que-tenerle-miedo-a-que-se-acabe-el-gas-dice-luis- arce-en-warnes_247598;;;;;;;;;;;;;;;;;;;;
;https://eldeber.com.bo/economia/produccion-de-gas-al-filo-piden-reducir-el-consumo- en-las-termoelectricas_245746;;;;;;;;;;;;;;;;;;;;
;https://eldeber.com.bo/economia/ypfb-desplazo-a-bolivianos-de-la-planta-de-urea-y- duplico-contratacion-de-extranjeros_245009;;;;;;;;;;;;;;;;;;;;
;https://www.paginasiete.bo/sociedad/2021/9/21/deficit-total-del-puma-es-bs-879- millones-alcaldia-ajustara-rutas-308800.html;;;;;;;;;;;;;;;;;;;;
;https://eldeber.com.bo/economia/gobierno-fija-precio-de-la-tonelada-de-urea-boliviana-en-us-510-para-el-mercado-interno_248363;;;;;;;;;;;;;;;;;;;;
;https://eldeber.com.bo/santa-cruz/los-incendios-ya-afectaron-mas-de-16-millones-de-hectareas-en-santa-cruz_248579;;;;;;;;;;;;;;;;;;;;
;https://eldeber.com.bo/economia/urea-ypfb-admite-que-produccion-no-supera-el-75-por-baja-demanda_250176;;;;;;;;;;;;;;;;;;;;
;https://eldeber.com.bo/economia/ypfb-tiene-paralizados-tres-de-seis-proyectos-exploratorios-para-2021_251745;;;;;;;;;;;;;;;;;;;;
;https://eldeber.com.bo/economia/fitch-advierte-que-reservas-estan-en-riesgo-si-el-gobierno-no-baja-el-gasto_252042;;;;;;;;;;;;;;;;;;;;
;https://www.paginasiete.bo/economia/2021/10/21/deuda-interna-crecio-en-2020-2021-mas-que-en-ultimo-decenio-312777.html;;;;;;;;;;;;;;;;;;;;
;https://www.paginasiete.bo/economia/2021/10/22/307-mil-cayeron-en-pobreza- moderada-extrema-en-2020-312893.html;;;;;;;;;;;;;;;;;;;;
;https://eldeber.com.bo/economia/para-operar-a-su-maxima-capacidad-las-plantas- construidas-por-ypfb-requieren-el-85-del-gas-natural_253421;;;;;;;;;;;;;;;;;;;;
;https://eldeber.com.bo/economia/cae-un-117-la-produccion-de-azucar-por-clima-e- incertidumbre_253431;;;;;;;;;;;;;;;;;;;;
;https://www.paginasiete.bo/economia/2021/11/1/ministerio-asegura-que-rin-superavit- corriente-crecimiento-mitigan-riesgos-de-la-economia-313962.html;;;;;;;;;;;;;;;;;;;;
;https://eldeber.com.bo/economia/economistas-ven-sesgo-en-las-cifras-de-luis-arce-y-le- piden-olvidarse-de-jeanine_254348;;;;;;;;;;;;;;;;;;;;
;https://www.paginasiete.bo/economia/2021/11/15/el-consumo-interno-de-gas-sube-pero- falta-produccion-315237.html;;;;;;;;;;;;;;;;;;;;
;https://eldeber.com.bo/economia/gobierno-confirma-que-no-se-pagara-el-segundo- aguinaldo_254452;;;;;;;;;;;;;;;;;;;;
;https://eldeber.com.bo/edicion-impresa/seis-de-cada-10-bolivianos-tienen-un-ingreso- menor-al-salario-minimo-nacional_255815;;;;;;;;;;;;;;;;;;;;
;https://www.paginasiete.bo/economia/2021/11/17/exportan-oro-por-us-1739-mm- tambien-sale-por-contrabando-315404.html;;;;;;;;;;;;;;;;;;;;
;https://www.paginasiete.bo/economia/2021/11/16/observan-falta-de-control-en-salida-de- oro-del-pais-315340.html;;;;;;;;;;;;;;;;;;;;
;https://eldeber.com.bo/economia/ypfb-firma-acuerdo-con-caneros-para-comprar-bs-768- millones-de-etanol-el-proximo-ano_256486;;;;;;;;;;;;;;;;;;;;
;https://www.la-razon.com/economia/2021/11/25/el-gobierno-proyecta-un-pib-de-51- para-2022-y-sube-en-25-la-inversion-publica/;;;;;;;;;;;;;;;;;;;;
;https://www.paginasiete.bo/nacional/2021/11/22/la-GESTION-DE-EVO-ADJUDICO-10- CONTRATOS-MILLONARIOS-SIN-RUPE-315903.html;;;;;;;;;;;;;;;;;;;;
;https://www.paginasiete.bo/economia/2021/11/30/gobierno-admite-declinacion-de- produccion-de-gas-hara-ajustes-316703.html;;;;;;;;;;;;;;;;;;;;
2;https://www.la-razon.com/nacional/2022/04/25/tribunal-de-etica-falla-contra-la-periodista-amalia-pando-en-caso-del-hijo-de-arce-y-la-insta-a-una-disculpa/;;;;;;;;;;;;;;;;;;;;
;https://www.youtube.com/watch?v=c8Q95YS_AlM;;;;;;;;;;;;;;;;;;;;
;https://eldeber.com.bo/politica/exministros-y-militantes-democratas-no-acudieron-como-testigos-de-anez_276275;;;;;;;;;;;;;;;;;;;;
;https://www.paginasiete.bo/seguridad/2022/4/29/narcoaudios-aparecen-mas-fabricas-de-droga-en-valle-sacta-no-hay-detenidos-329818.html;;;;;;;;;;;;;;;;;;;;
;https://eldeber.com.bo/pais/maximiliano-davila-poseia-mas-de-50-inmuebles-cuando-era-jefe-antidrogas-segun-la-fiscalia_276320;;;;;;;;;;;;;;;;;;;;
;https://eldeber.com.bo/economia/la-tenencia-de-tierra-en-santa-cruz-enfrenta-a-interculturales-y-campesinos-afines-al-mas_275678;;;;;;;;;;;;;;;;;;;;
;https://eldeber.com.bo/economia/caso-fondo-indigena-un-dano-economico-de-mas-de-us-1827-millones-y-solo-se-recupero-us-14-millones_275188;;;;;;;;;;;;;;;;;;;;
;https://eldeber.com.bo/edicion-impresa/piden-al-presidente-que-respete-decisiones-del-mas_275047;;;;;;;;;;;;;;;;;;;;
;https://eldeber.com.bo/pais/muere-marco-aramayo-principal-denunciante-del-millonario-desfalco-al-fondo-indigena_275061;;;;;;;;;;;;;;;;;;;;
;https://www.paginasiete.bo/nacional/2022/4/17/preferencia-sobre-el-candidato-del-mas-se-divide-entre-tres-328754.html;;;;;;;;;;;;;;;;;;;;
;https://www.paginasiete.bo/nacional/2022/4/17/la-mayoria-no-ve-evo-como-candidato-cree-que-hubo-fraude-no-golpe-328756.html;;;;;;;;;;;;;;;;;;;;
;https://www.paginasiete.bo/nacional/2022/4/17/sube-la-calificacion-de-arce-es-el-mejor-posicionado-entre-los-politicos-328752.html;;;;;;;;;;;;;;;;;;;;
;https://eldeber.com.bo/economia/deuda-total-de-bolivia-se-acerca-al-80-del-pib-segun-el-banco-mundial_274612;;;;;;;;;;;;;;;;;;;;
;https://eldeber.com.bo/pais/exportacion-de-droga-a-pedido-preocupa-a-los-paises-que-rodean-bolivia_274789;;;;;;;;;;;;;;;;;;;;
;https://www.paginasiete.bo/economia/2022/4/12/en-anos-bolivia-importo-1285-tn-de-mercurio-por-us-44-mm-328364.html;;;;;;;;;;;;;;;;;;;;
;https://eldeber.com.bo/pais/pacto-de-unidad-llama-a-lucho-david-y-evo-a-una-reunion-para-limar-asperezas_274212;;;;;;;;;;;;;;;;;;;;
;https://eldeber.com.bo/pais/evo-dice-que-quienes-hablan-de-renovacion-son-los-que-fomentan-la-traicion-y-division_274092;;;;;;;;;;;;;;;;;;;;
;https://www.paginasiete.bo/economia/2022/4/7/por-temor-conflictos-excluyen-cooperativas-de-reglamento-de-sanciones-por-el-oro-327921.html;;;;;;;;;;;;;;;;;;;;
;https://www.paginasiete.bo/sociedad/2022/4/5/estudio-halla-64542-muertos-covid-el-triple-del-registro-oficial-327756.html;;;;;;;;;;;;;;;;;;;;
;https://www.paginasiete.bo/seguridad/2022/4/7/exjefe-de-umopar-si-dabamos-el-golpe-ahora-los-estarian-matando-porque-recibieron-dinero-de-colombianos-327953.html;;;;;;;;;;;;;;;;;;;;
;https://eldeber.com.bo/pais/el-escandalo-tras-el-operativo-en-valle-sacta-un-megalaboratorio-de-droga-colombiano-y-la-orden-de-a_273550;;;;;;;;;;;;;;;;;;;;
;https://www.paginasiete.bo/economia/2022/4/1/gobernador-quispe-dice-que-el-gobierno-es-parte-protege-consorcios-auriferos-327463.html;;;;;;;;;;;;;;;;;;;;
;https://www.paginasiete.bo/seguridad/2022/3/31/bandos-afines-al-mas-se-enfrentan-por-el-oro-hay-heridos-retenidos-327326.html;;;;;;;;;;;;;;;;;;;;
;https://www.paginasiete.bo/economia/2022/3/29/ministro-de-economia-hay-una-probabilidad-buena-de-pagar-el-doble-aguinaldo-327167.html;;;;;;;;;;;;;;;;;;;;
;https://www.paginasiete.bo/nacional/2022/3/30/hay-fallos-de-tcp-que-se-conocen-meses-despues-de-ser-resueltos-327224.html;;;;;;;;;;;;;;;;;;;;
;https://eldeber.com.bo/economia/pib-de-bolivia-crece-en-611-en-2021-y-el-ine-lo-atribuye-a-la-demanda-interna_272596;;;;;;;;;;;;;;;;;;;;
;https://eldeber.com.bo/pais/grupos-armados-toman-tierras-en-sitios-estrategicos-para-el-narcotrafico_272405;;;;;;;;;;;;;;;;;;;;
;https://www.paginasiete.bo/nacional/2022/3/26/en-2019-jerjes-mantuvo-en-su-ministerio-al-jefe-de-gabinete-de-quintana-la-gente-de-evo-326903.html;;;;;;;;;;;;;;;;;;;;
;https://www.paginasiete.bo/economia/2022/3/28/economia-refuta-el-analisis-de-la-fundacion-jubileo-327042.html;;;;;;;;;;;;;;;;;;;;
;https://www.paginasiete.bo/economia/2022/3/26/jubileo-la-deuda-externa-se-duplico-la-interna-se-triplico-326860.html;;;;;;;;;;;;;;;;;;;;
;https://www.paginasiete.bo/nacional/2022/3/27/mas-se-acerca-sus-27-anos-con-una-division-ya-visible-entre-sus-lideres-326948.html;;;;;;;;;;;;;;;;;;;;
;https://www.paginasiete.bo/seguridad/2022/3/20/estudio-drogas-mueven-entre-us-2000-mm-us-2500-mm-al-ano-326316.html;;;;;;;;;;;;;;;;;;;;
;https://www.paginasiete.bo/nacional/2022/3/18/bloque-renovador-crece-hace-tambalear-la-unidad-del-mas-326143.html;;;;;;;;;;;;;;;;;;;;
;https://eldeber.com.bo/edicion-impresa/maximiliano-davila-hizo-liberar-detenidos-y-anular-megaoperativo-antidroga_270664;;;;;;;;;;;;;;;;;;;;
;https://www.paginasiete.bo/seguridad/2022/3/11/cesan-11-jueces-activan-76-casos-por-liberacion-de-presos-325526.html;;;;;;;;;;;;;;;;;;;;
;https://eldeber.com.bo/politica/el-jife-reporta-incremento-sin-precedentes-de-cocaina-de-bolivia-y-peru-en-europa_270468;;;;;;;;;;;;;;;;;;;;
;https://eldeber.com.bo/economia/bcb-preve-pib-del-51-y-revela-que-alza-de-precios-propiciaron-un-superavit-en-cuenta-corriente-despu_270212;;;;;;;;;;;;;;;;;;;;
;https://www.paginasiete.bo/seguridad/2022/3/9/desarticulan-redes-de-corrupcion-en-juzgados-van-12-jueces-procesados-325354.html;;;;;;;;;;;;;;;;;;;;
;https://eldeber.com.bo/economia/ypfb-preve-que-ingresos-por-el-gas-superaran-egresos-por-compra-de-combustibles_270142;;;;;;;;;;;;;;;;;;;;
;https://eldeber.com.bo/pais/piden-atencion-para-que-13-pueblos-indigenas-no-mueran_269783;;;;;;;;;;;;;;;;;;;;
;https://www.paginasiete.bo/sociedad/2022/3/6/en-37-anos-el-alto-se-convirtio-en-la-2da-urbe-en-poblacion-lider-en-produccion-325084.html;;;;;;;;;;;;;;;;;;;;
;https://www.paginasiete.bo/nacional/2022/3/3/csutcb-llama-tibio-al-gobierno-de-arce-respalda-la-invasion-rusa-324913.html;;;;;;;;;;;;;;;;;;;;
;https://www.paginasiete.bo/nacional/2022/3/1/evo-no-sale-del-pais-desde-que-davila-cayo-si-viaja-debera-ir-acompanado-324650.html;;;;;;;;;;;;;;;;;;;;
;https://eldeber.com.bo/politica/el-mas-gasto-bs-3613-millones-en-21-obras-que-estan-abandonadas_269021;;;;;;;;;;;;;;;;;;;;
;https://eldeber.com.bo/politica/revelan-que-evo-garcia-y-montano-conocian-el-acuerdo-electoral-del-2020_268777;;;;;;;;;;;;;;;;;;;;
;https://eldeber.com.bo/politica/el-mas-admite-que-negocio-ley-de-elecciones-con-gobierno-de-anez_268607;;;;;;;;;;;;;;;;;;;;
;https://www.paginasiete.bo/nacional/2022/2/23/constitucionalista-la-sentencia-de-la-reeleccion-es-arbitraria-porque-rompio-la-voluntad-del-constituyente-324194.html;;;;;;;;;;;;;;;;;;;;
;https://eldeber.com.bo/pais/mesa-tcp-no-anula-la-sentencia-que-habilita-la-reeleccion-indefinida-porque-eso-permitiria-juicio-de_268344;;;;;;;;;;;;;;;;;;;;
;https://eldeber.com.bo/pais/arce-evo-y-pacto-de-unidad-conforman-triangulo-de-poder-en-bolivia-afirma-garcia-linera_268212;;;;;;;;;;;;;;;;;;;;
;https://www.paginasiete.bo/nacional/2022/2/20/las-1000-del-10-de-noviembre-garcia-linera-comunico-cristina-la-inminente-renuncia-de-evo-;;;;;;;;;;;;;;;;;;;;
;https://eldeber.com.bo/pais/jueces-y-magistrados-se-declaran-en-emergencia-ante-las-aprehensiones-a-funcionarios-judiciales_268086;;;;;;;;;;;;;;;;;;;;
;https://eldeber.com.bo/politica/viceministro-y-diputado-hacen-visible-la-pugna-entre-arce-y-evo_267631;;;;;;;;;;;;;;;;;;;;
;https://eldeber.com.bo/economia/el-gobierno-asegura-que-no-dio-permiso-a-empresas-mineras-para-trabajar-en-areas-protegidas_267473;;;;;;;;;;;;;;;;;;;;
;https://eldeber.com.bo/edicion-impresa/la-tierra-de-uso-forestal-se-achico-de-59-a-2-millones-de-hectareas-hay-fines-agricolas_267382;;;;;;;;;;;;;;;;;;;;
;https://elpais.com/internacional/2022-02-13/china-consolida-su-dominio-sobre-los-recursos-mineros-estrategicos.html;;;;;;;;;;;;;;;;;;;;
;https://www.la-razon.com/sociedad/2022/02/07/inra-identifica-51-predios-con-irregularidades-en-santa-cruz-y-beni/;;;;;;;;;;;;;;;;;;;;
;https://www.la-razon.com/nacional/2022/02/10/anez-sugerida-en-la-ucb-y-proclamada-luego-sin-quorum-ni-el-mas/;;;;;;;;;;;;;;;;;;;;
;https://eldeber.com.bo/economia/capitania-de-cuarirenda-pide-legalizar-puente-clandestino-y-ministro-montano-le-dice-a-la-gobernacio_267132;;;;;;;;;;;;;;;;;;;;
;https://eldeber.com.bo/economia/bolivia-oferta-bonos-por-us-2000-millones-para-extender-vencimiento-de-deuda_267060;;;;;;;;;;;;;;;;;;;;
;https://www.paginasiete.bo/economia/2022/2/9/ypfb-admite-que-hijo-del-presidente-ocupo-cargos-gerenciales-hasta-2021-322971.html;;;;;;;;;;;;;;;;;;;;
;https://www.paginasiete.bo/nacional/2022/2/10/kaliman-ffaa-salieron-ante-vacio-de-poder-el-riesgo-de-guerra-civil-no-por-anez-323043.html;;;;;;;;;;;;;;;;;;;;
;https://www.paginasiete.bo/economia/2022/2/11/25-cooperativas-dicen-estar-autorizadas-para-operar-en-el-madidi-expertos-que-toda-actividad-es-ilegal-323144.html;;;;;;;;;;;;;;;;;;;;
;https://www.paginasiete.bo/economia/2022/1/31/conozca-la-planilla-de-sueldos-del-personal-tecnico-de-la-planta-de-urea-322156.html;;;;;;;;;;;;;;;;;;;;
;https://eldeber.com.bo/economia/hijo-de-arce-negocio-entrega-de-la-planta-de-urea-a-venezuela-segun-amalia-pando_265597;;;;;;;;;;;;;;;;;;;;
;https://eldeber.com.bo/edicion-impresa/desde-su-posesion-en-2021-al-menos-100-concejalas-sufrieron-acoso-y-violencia-politica_266783;;;;;;;;;;;;;;;;;;;;
;https://www.paginasiete.bo/sociedad/2022/2/8/hay-mas-feminicidas-sueltos-identifican-mas-consorcios-322873.html;;;;;;;;;;;;;;;;;;;;
;https://www.paginasiete.bo/economia/2022/2/7/gobierno-vemos-que-la-ley-de-hidrocarburos-ha-cumplido-su-ciclo-322809.html;;;;;;;;;;;;;;;;;;;;
;https://eldeber.com.bo/economia/importacion-de-combustibles-casi-iguala-la-exportacion-de-gas-natural_266625;;;;;;;;;;;;;;;;;;;;
;https://eldeber.com.bo/economia/venta-de-soat-2022-supera-11-millones-de-unidades_266446;;;;;;;;;;;;;;;;;;;;
;https://www.paginasiete.bo/nacional/2022/2/5/maria-rene-alvarez-los-avasallamientos-en-la-chiquitania-son-para-trafico-negocio-de-tierras-322593.html;;;;;;;;;;;;;;;;;;;;
;https://eldeber.com.bo/politica/el-mas-admite-que-la-justicia-esta-atrapada-por-la-corrupcion_266072;;;;;;;;;;;;;;;;;;;;
;https://eldeber.com.bo/economia/ypfb-contrato-cuatro-veces-mas-personal-para-operar-planta-de-urea_265459;;;;;;;;;;;;;;;;;;;;
;https://eldeber.com.bo/impreso/feminicida-impune-destapa-red-criminal-en-la-justicia-para-liberar-criminales_265520;;;;;;;;;;;;;;;;;;;;
;https://www.paginasiete.bo/economia/2022/1/29/exportacion-sube-57-luego-de-anos-hay-superavit-321985.html;;;;;;;;;;;;;;;;;;;;
;https://www.paginasiete.bo/nacional/2022/1/29/estudio-con-ley-906-se-disparo-la-produccion-de-coca-en-el-chapare-321994.html;;;;;;;;;;;;;;;;;;;;
;https://www.paginasiete.bo/economia/2022/1/26/subvencion-carburantes-se-triplico-hasta-bs-4330-mm-321728.html;;;;;;;;;;;;;;;;;;;;
;https://eldeber.com.bo/politica/davila-entra-a-la-carcel-y-dice-que-del-castillo-intenta-incriminar-a-evo_265038;;;;;;;;;;;;;;;;;;;;
;https://www.paginasiete.bo/seguridad/2022/1/25/davila-va-prision-pero-no-por-narcotrafico-adelantan-que-no-lo-extraditaran-321659.html;;;;;;;;;;;;;;;;;;;;
;https://www.paginasiete.bo/seguridad/2022/1/27/nueve-hechos-muestran-la-cercania-de-davila-con-el-mas-con-evo-morales-321825.html;;;;;;;;;;;;;;;;;;;;
;https://eldeber.com.bo/pais/evo-insiste-en-debatir-una-nueva-constitucion-entre-originarios-milenarios-y-los-invasores_264662;;;;;;;;;;;;;;;;;;;;
;https://eldeber.com.bo/economia/la-mineria-supera-record-exportador-pero-solo-deja-un-27-en-impuestos_264558;;;;;;;;;;;;;;;;;;;;
;https://eldeber.com.bo/economia/sueldo-de-profesional-extranjero-en-la-planta-de-urea-supera-al-del-presidente-de-eeuu_264962;;;;;;;;;;;;;;;;;;;;
;https://eldeber.com.bo/economia/aumentan-en-154-los-recursos-destinados-a-la-importacion-de-combustibles_264132;;;;;;;;;;;;;;;;;;;;
;https://eldeber.com.bo/economia/el-banco-central-de-bolivia-informa-que-la-deuda-interna-llega-a-bs-36505-millones_263907;;;;;;;;;;;;;;;;;;;;
;https://eldeber.com.bo/santa-cruz/montenegro-antes-de-ser-extraditado-la-dea-si-sabra-que-hacer-con-davila_264113;;;;;;;;;;;;;;;;;;;;
;https://www.paginasiete.bo/economia/2022/1/8/la-mora-tributaria-asciende-bs-55000-millones-en-el-pais-320136.html;;;;;;;;;;;;;;;;;;;;
;https://eldeber.com.bo/economia/evo-revela-que-federaciones-del-tropico-recibiran-mas-us-1-millon-de-ypfb-transporte-y-expertos-lo-c_262727;;;;;;;;;;;;;;;;;;;;
;https://eldeber.com.bo/santa-cruz/angelica-sosa-difunde-detalles-del-acuerdo-de-  ;;;;;;;;;;;;;;;;;;;;
;https://www.paginasiete.bo/nacional/2022/1/2/mejora-la-calificacion-arce-la-percepcion-sobre-rumbo-del-pais-319562.html;;;;;;;;;;;;;;;;;;;;
;https://www.paginasiete.bo/economia/2022/1/2/costo-favor-de-petroleras-suma-us-12018-millones-desde-2007-319596.html;;;;;;;;;;;;;;;;;;;;
3;https://eldeber.com.bo/edicion-impresa/arce-autoriza-nuevos-contratos-de-deuda-externa-por-us-1142-millones_291131;Economía;;;;;;;;;;;;;;;;;;;
;https://www.paginasiete.bo/nacional/encuesta-aprobacion-de-arce-baja-al-30-ven-mala-la-situacion-economica-en-bolivia-dc3631588;;;;;;;;;;;;;;;;;;;;
;https://eldeber.com.bo/dinero/el-estado-debe-us-6000-millones-a-los-fondos-de-pensiones-de-las-afp_287141;;;;;;;;;;;;;;;;;;;;
;https://eldeber.com.bo/pais/el-pais-ha-perdido-juicios-por-us-1090-millones-ven-proteccion-al-procurador_286798;;;;;;;;;;;;;;;;;;;;
;https://www.paginasiete.bo/economia/advierten-que-subvencion-a-carburantes-se-duplicara-y-hara-crecer-el-deficit-fiscal-bf3052605;;;;;;;;;;;;;;;;;;;;
;https://eldeber.com.bo/economia/productos-no-tradicionales-desplazan-a-hidrocarburos-y-casi-triplican-en-valor-al-gas_283369;;;;;;;;;;;;;;;;;;;;
;https://www.la-razon.com/economia/2022/06/21/a-mayo-utilidades-de-la-banca-crecen-76-respecto-a-igual-periodo-de-2021/;;;;;;;;;;;;;;;;;;;;
;https://www.paginasiete.bo/economia/estudio-subsidio-a-carburantes-llegara-a-us-4268-mm-el-mas-alto-hasta-hoy-gy2643019;;;;;;;;;;;;;;;;;;;;
;https://www.paginasiete.bo/economia/el-estado-destino-casi-la-mitad-de-los-impuestos-para-importar-combustibles-dj2821849;;;;;;;;;;;;;;;;;;;;
;https://eldeber.com.bo/pais/el-tribunal-constitucional-tiene-alta-responsabilidad-en-la-crisis-de-2019_290237;Reforma judicial;;;;;;;;;;;;;;;;;;;
;https://eldeber.com.bo/bolivia/organizaciones-civiles-observan-ahogamiento-de-los-espacios-civicos-y-deterioro-de-los-derechos-huma_290096;;;;;;;;;;;;;;;;;;;;
;https://eldeber.com.bo/pais/la-reforma-judicial-se-desvanece-el-gobierno-dice-que-toma-acciones_289868;;;;;;;;;;;;;;;;;;;;
;https://www.paginasiete.bo/nacional/dan-poder-a-arce-para-nombrar-al-defensor-y-hasta-altos-magistrados-dx3202432;;;;;;;;;;;;;;;;;;;;
;https://eldeber.com.bo/pais/caen-10-jueces-corruptos-destituyen-a-8-fiscales-y-se-recaptura-a-21-feminicidas-y-violadores-tras-l_280540;;;;;;;;;;;;;;;;;;;;
;https://eldeber.com.bo/politica/informe-de-la-onu-muestra-las-fallas-estructurales-de-la-justicia-boliviana_279537;;;;;;;;;;;;;;;;;;;;
;https://eldeber.com.bo/bolivia/conozca-21-observaciones-que-hace-el-relator-de-la-onu-a-la-justicia-boliviana_282429;;;;;;;;;;;;;;;;;;;;
;https://eldeber.com.bo/pais/anez-fallo-del-tcp-informado-por-el-ministro-lima-revela-la-intromision-en-la-justicia_279559;;;;;;;;;;;;;;;;;;;;
;https://eldeber.com.bo/edicion-impresa/el-precio-de-la-coca-baja-por-dos-factores-y-el-conflicto-ingresa-a-la-cuarta-semana_290374;Policía;;;;;;;;;;;;;;;;;;;
;https://eldeber.com.bo/pais/tres-heridos-uno-muy-grave-en-tragica-jornada-de-conflicto-cocalero-en-la-paz_288845;;;;;;;;;;;;;;;;;;;;
;https://elpais.com/internacional/2022-07-12/la-politica-boliviana-se-narcotiza-con-acusaciones-en-todas-las-direcciones.html;;;;;;;;;;;;;;;;;;;;
;https://www.paginasiete.bo/sociedad/sobreproduccion-coca-de-contrabando-y-clandestina-bajo-precio-de-la-hoja-en-63-ga2839668;;;;;;;;;;;;;;;;;;;;
;https://eldeber.com.bo/pais/gustavo-torrico-arremete-contra-eva-copa-si-fueramos-tan-comprometidos-ni-por-p-la-loca-seria-pues-a_287377;Luchas internas del MAS;;;;;;;;;;;;;;;;;;;
;https://eldeber.com.bo/pais/el-mas-suscribe-pacto-para-evitar-criticas-y-fortalecer-su-gestion-economica_285801;;;;;;;;;;;;;;;;;;;;
;https://eldeber.com.bo/pais/evo-tildo-de-serruchos-a-algunos-militantes-del-mas-que-se-llenan-la-boca-hablando-de-unidad-y-renov_284831;;;;;;;;;;;;;;;;;;;;
;https://eldeber.com.bo/pais/el-mas-se-lanza-contra-el-gobierno-por-aguilera-y-del-castillo_283506;;;;;;;;;;;;;;;;;;;;
;https://www.paginasiete.bo/seguridad/por-instruccion-de-arce-transparencia-investiga-denuncia-sobre-narcoaportes-al-mas-bd3072425;;;;;;;;;;;;;;;;;;;;
;https://eldeber.com.bo/pais/el-mas-denuncia-alta-traicion-y-protagonismo-desmedido-de-una-alta-autoridad-del-ejecutivo_281701;;;;;;;;;;;;;;;;;;;;
;https://www.paginasiete.bo/nacional/evistas-acorralan-a-arce-por-5-flancos-ven-que-buscan-incidir-en-el-gobierno-mh2911961;;;;;;;;;;;;;;;;;;;;
;https://www.paginasiete.bo/nacional/evistas-acusan-a-renovadores-de-contubernio-con-opositores-yf2722526;;;;;;;;;;;;;;;;;;;;
;https://eldeber.com.bo/pais/advertencia-cocaleros-del-chapare-bloquearan-si-arce-no-destituye-a-del-castillo_280611;;;;;;;;;;;;;;;;;;;;
;https://eldeber.com.bo/pais/evo-dice-que-no-se-siente-la-gestion-economica-de-arce-y-denuncia-corrupcion_280978;;;;;;;;;;;;;;;;;;;;
;https://eldeber.com.bo/pais/intentan-imponer-chapare-como-suprapoder-contra-luis-arce-segun-analistas_280979;;;;;;;;;;;;;;;;;;;;
;https://www.paginasiete.bo/seguridad/el-mas-salva-al-ministro-del-castillo-y-evo-sufre-un-reves-en-el-legislativo-lf2711296;;;;;;;;;;;;;;;;;;;;
;https://www.paginasiete.bo/seguridad/hay-cuatro-sectores-en-disputa-por-la-reserva-forestal-de-guarayos-da3406234;Conflictos por tierra y áreas protegidas;;;;;;;;;;;;;;;;;;;
;https://eldeber.com.bo/santa-cruz/denuncian-el-retorno-de-avasalladores-a-pailitas-y-campesinos-huyen-a-esconderse-en-el-monte_287840;;;;;;;;;;;;;;;;;;;;
;https://eldeber.com.bo/edicion-impresa/cabecillas-de-ataque-a-las-londras-lideran-otra-toma-y-la-policia-pide-proteccion_287466;;;;;;;;;;;;;;;;;;;;
;https://www.paginasiete.bo/seguridad/27-de-99-avasallamientos-hizo-el-grupo-londras-y-la-policia-no-halla-ni-armas-eb3399556;;;;;;;;;;;;;;;;;;;;
;https://eldeber.com.bo/santa-cruz/mas-de-200-interculturales-atacan-la-subcentral-pailitas-y-secuestran-a-cuatro-personas_287155;;;;;;;;;;;;;;;;;;;;
;https://eldeber.com.bo/santa-cruz/interculturales-y-csutcb-se-reuniran-este-miercoles-en-el-inra-en-busca-de-solucion-al-conflicto_287211;;;;;;;;;;;;;;;;;;;;
;https://eldeber.com.bo/edicion-impresa/silencio-de-autoridades-ante-agresion-sistematica-a-las-areas-protegidas_281522;;;;;;;;;;;;;;;;;;;;
;https://eldeber.com.bo/pais/fiscalizadores-no-pueden-entrar-al-parque-madidi-pero-si-la-maquinaria-pesada_277852;;;;;;;;;;;;;;;;;;;;
;https://eldeber.com.bo/economia/renuncia-de-directora-de-ajam-se-ejecuta-a-la-par-de-informe-defensorial-negativo-sobre-uso-de-mercu_276846;;;;;;;;;;;;;;;;;;;;
;https://eldeber.com.bo/edicion-impresa/empresas-peruanas-operan-en-el-alto-y-llevan-mercurio-a-su-pais-por-vias-ilegales_279878;;;;;;;;;;;;;;;;;;;;
;https://www.paginasiete.bo/seguridad/pelea-entre-mineros-y-comunarios-deja-8-heridos-en-apolo-cf2711141;;;;;;;;;;;;;;;;;;;;
;https://www.paginasiete.bo/sociedad/gobierno-ratifica-censo-para-el-2024-y-afirma-que-santa-cruz-presento-propuesta-incompleta-lx3909379;Censo de población y vivienda;;;;;;;;;;;;;;;;;;;
;https://eldeber.com.bo/pais/el-alto-se-divide-gremiales-insisten-con-el-censo-el-2023-fejuve-el-2024_289221;;;;;;;;;;;;;;;;;;;;
;https://eldeber.com.bo/edicion-impresa/el-ine-restringe-acceso-al-dialogo-y-santa-cruz-pide-apertura-total-para-debatir_289109;;;;;;;;;;;;;;;;;;;;
;https://eldeber.com.bo/edicion-impresa/gobierno-fracasa-y-posterga-censo-hasta-2024-en-santa-cruz-protestan_285955;;;;;;;;;;;;;;;;;;;;
;https://eldeber.com.bo/edicion-impresa/la-segunda-planta-de-urea-costara-us-1295-millones-un-35-mas-que-la-primera_288821;Megaproyectos gubernamentales ;;;;;;;;;;;;;;;;;;;
;https://www.paginasiete.bo/economia/2022/5/6/ypfb-adjudica-sin-licitacion-proyecto-de-biodiesel-expertos-ven-irregularidades-330420.html;;;;;;;;;;;;;;;;;;;;
4;https://www.paginasiete.bo/economia/pese-a-la-anulacion-del-acuerdo-con-el-gobierno-mineros-trabajan-en-el-madidi-GG5109091;Conflictos por tierra, territorios y socioambientales;;;;;;;;;;;;;;;;;;;
;https://www.paginasiete.bo/seguridad/santa-cruz-tomas-de-tierras-comprometen-zonas-acuiferas-DE5521137;;;;;;;;;;;;;;;;;;;;
;https://www.paginasiete.bo/seguridad/GRUPOS-ARMADOS-EN-SANTA-CRUZ-Y-PANDO-INVADEN-TIERRAS-DEJAN-UN-MUERTO-Y-HERIDOS-MM5482187;;;;;;;;;;;;;;;;;;;;
;https://eldeber.com.bo/santa-cruz/las-siete-personas-desaparecidas-tras-INGRESO-VIOLENTO-DE-AVASALLADORES-EN-GUARAYOS-se-encuentran-a-_306116;;;;;;;;;;;;;;;;;;;;
;https://eldeber.com.bo/pais/la-mitad-de-la-coca-producida-en-el-pais-paso-por-mercados-autorizados-y-un-38-fue-a-santa-cruz_305837;;;;;;;;;;;;;;;;;;;;
;https://eldeber.com.bo/pais/el-gobierno-ve-errores-en-el-informe-de-la-onu_305784;;;;;;;;;;;;;;;;;;;;
;https://eldeber.com.bo/pais/BOLIVIA-SUPERA-LAS-30000-HA-DE-COCA-LA-UE-lo-lamenta-y-PIDE-QUE-CUMPLA-LA-LEY_305785;;;;;;;;;;;;;;;;;;;;
;https://www.paginasiete.bo/sociedad/la-salud-en-peligro-la-contaminacion-del-aire-se-eleva-10-veces-en-La-Paz-BI5390982;;;;;;;;;;;;;;;;;;;;
;https://eldeber.com.bo/pais/la-RUTA-CLANDESTINA-DEL-MERCURIO-entre-bolivia-y-peru-para-la-MINERIA-ILEGAL-del-amazonas_305369;;;;;;;;;;;;;;;;;;;;
;https://www.paginasiete.bo/economia/el-saqueo-del-oro-boliviano-privadas-chinas-se-ocultan-tras-cooperativas-XF5117202;;;;;;;;;;;;;;;;;;;;
;https://eldeber.com.bo/pais/el-SAQUEO-DEL-ORO-boliviano-EMPRESAS-CHINAS-SE-ESCONDEN-TRAS-COOPERATIVAS-mineras_303785;;;;;;;;;;;;;;;;;;;;
;https://eldeber.com.bo/pais/estudio-revela-presencia-de-MERCURIO-EN-RIO-YUYO_302990;;;;;;;;;;;;;;;;;;;;
;https://www.paginasiete.bo/economia/COOPERATIVISTAS-TIENEN-NUEVE-BENEFICIOS-y-solo-prometen-pagar-el-48-al-sin-NE4996953;;;;;;;;;;;;;;;;;;;;
;https://eldeber.com.bo/pais/mineria-ilegal-en-apolo-crece-a-la-vista-del-estado-pese-a-fallo-del-tcp_302989;;;;;;;;;;;;;;;;;;;;
;https://www.paginasiete.bo/sociedad/pueblos-indigenas-y-gobierno-acuerdan-anular-convenio-que-permitia-explotacion-aurifera-en-areas-protegidas-NA5013816;;;;;;;;;;;;;;;;;;;;
;https://www.la-razon.com/voces/2022/11/01/el-lumpen-cooperativismo/;;;;;;;;;;;;;;;;;;;;
;https://www.paginasiete.bo/economia/oro-el-gobierno-da-luz-verde-a-la-mineria-en-areas-protegidas-JJ4865946;;;;;;;;;;;;;;;;;;;;
;https://www.paginasiete.bo/economia/CEDLA-considera-que-el-48-de-tributo-unico-para-auriferos-sienta-jurisprudencia-de-trato-preferencial-en-impuestos-CG4833598;;;;;;;;;;;;;;;;;;;;
;https://eldeber.com.bo/edicion-impresa/ocho-dias-de-vigilia-y-la-tension-no-cesa-en-el-conflicto-por-la-ley-208_299910;;;;;;;;;;;;;;;;;;;;
;https://eldeber.com.bo/pais/la-coca-se-desborda-en-el-TIPNIS-y-vetan-a-quienes-rechazan-cultivos_301345;;;;;;;;;;;;;;;;;;;;
;https://eldeber.com.bo/santa-cruz/asamblea-magna-de-concepcion-pidio-expulsion-de-ayoreos-si-no-acatan-las-leyes_302071;;;;;;;;;;;;;;;;;;;;
;https://eldeber.com.bo/santa-cruz/en-concepcion-ayoreos-chicotean-al-subgobernador-de-nuflo-de-chavez-cuando-intentaba-levantar-un-blo_302029;;;;;;;;;;;;;;;;;;;;
;https://eldeber.com.bo/edicion-impresa/policias-olvidados-y-sin-armas-ante-avasalladores-encapuchados-en-las-londras_300186;;;;;;;;;;;;;;;;;;;;
;https://www.paginasiete.bo/especial02/santa-cruz-avasalladores-operan-con-titulos-falsos-y-comunidades-fantasmas-CI4479015;;;;;;;;;;;;;;;;;;;;
;https://www.paginasiete.bo/especial02/PUGNAS-POLITICAS-INTERNAS-EN-EL-MAS-TRAS-LOS-CONFLICTOS-POR-TIERRAS-CRUCENAS-BI4479065;;;;;;;;;;;;;;;;;;;;
;https://eldeber.com.bo/pais/la-deforestacion-se-acelera-y-ven-la-mano-del-narcotrafico-en-la-toma-de-tierras_299007;;;;;;;;;;;;;;;;;;;;
;https://eldeber.com.bo/pais/INRA-prepara-17-desalojos-de-tierras-avasalladas-en-santa-cruz-y-pide-ayuda-a-la-policia_298820;;;;;;;;;;;;;;;;;;;;
;https://eldeber.com.bo/pais/ya-son-dos-las-areas-protegidas-tomadas-comites-de-gestion-piden-la-renuncia-del-director-del-sernap_294569;;;;;;;;;;;;;;;;;;;;
;https://eldeber.com.bo/edicion-impresa/exigen-actualizar-la-norma-y-endurecer-sanciones-para-evitar-incendios-cada-ano_293288;;;;;;;;;;;;;;;;;;;;
;https://eldeber.com.bo/pais/presionada-la-justicia-declara-detencion-domiciliaria-para-la-exalcaldesa-soledad-chapeton_293113;;;;;;;;;;;;;;;;;;;;
;https://eldeber.com.bo/edicion-impresa/ratifican-libertad-al-mayor-munoz-quien-advierte-que-si-pisa-la-carcel-lo-conoceran_293135;;;;;;;;;;;;;;;;;;;;
;https://eldeber.com.bo/edicion-impresa/familiares-de-policias-muertos-demandan-al-fiscal-por-coartar-sus-derechos_292991;;;;;;;;;;;;;;;;;;;;
;https://eldeber.com.bo/santa-cruz/el-fuego-se-recrudece-en-la-chiquitania-en-robore-los-bomberos-se-quedan-sin-agua_292567;;;;;;;;;;;;;;;;;;;;
;https://eldeber.com.bo/edicion-impresa/HAY-MAS-INCENDIOS-QUE-EL-ANO-PASADO-y-piden-relevo-para-los-bomberos_292291;;;;;;;;;;;;;;;;;;;;
;https://eldeber.com.bo/economia/desalojo-de-tierras-tomadas-causa-enfrentamiento-en-san-miguel-de-velasco_293314;;;;;;;;;;;;;;;;;;;;
;https://eldeber.com.bo/santa-cruz/gobernador-de-santa-cruz-recorre-areas-avasalladas-en-bajo-paragua-caciques-denuncian-mas-de-200-hec_293347;;;;;;;;;;;;;;;;;;;;
;https://eldeber.com.bo/pais/fundacion-tierra-BOLIVIA-esta-rumbo-a-ser-una-colombia-con-grupos-de-caracter-paramilitar-donde-hubo_291779;;;;;;;;;;;;;;;;;;;;
;https://www.paginasiete.bo/gente/ruth-alipaz-lideresa-uchupiamona-estamos-en-guerra-nos-la-han-declarado-a-los-pueblos-indigenas-DY401021;;;;;;;;;;;;;;;;;;;;
;https://www.la-razon.com/energias-negocios/2022/10/21/bolivia-redujo-en-50-el-uso-del-gas-y-lo-sustituyo-con-fuentes-renovables/;Censo;;;;;;;;;;;;;;;;;;;
;https://eldeber.com.bo/pais/LEVANTAn-EL-PARO-EL-COMITE-se-declara-en-emergencia-y-HAY-RECLAMO-CIUDADANO_305365;;;;;;;;;;;;;;;;;;;;
;https://www.paginasiete.bo/nacional/detectan-cambios-de-actitud-en-ambos-bandos-la-ley-del-censo-empieza-a-fluir-HB5289999;;;;;;;;;;;;;;;;;;;;
;https://www.paginasiete.bo/nacional/no-hay-acuerdo-por-la-fecha-del-censo-y-oposicion-apunta-a-la-division-del-mas-BK5268829;;;;;;;;;;;;;;;;;;;;
;https://eldeber.com.bo/pais/santa-cruz-ingresa-a-la-ultima-parte-del-paro-con-la-ley-del-censo-en-el-legislativo_304557;;;;;;;;;;;;;;;;;;;;
;https://eldeber.com.bo/pais/el-paro-movilizo-en-30-dias-a-tres-poderes-y-activo-debate-sobre-el-modelo-plurinacional_304476;;;;;;;;;;;;;;;;;;;;
;https://eldeber.com.bo/pais/ley-del-censo-llega-al-legislativo-con-tres-proyectos-que-asignan-escanos-antes-de-2025_304495;;;;;;;;;;;;;;;;;;;;
;https://eldeber.com.bo/pais/santa-cruz-demanda-un-acuerdo-nacional-para-aprobar-ley-del-censo_304291;;;;;;;;;;;;;;;;;;;;
;https://eldeber.com.bo/santa-cruz/despues-del-plazo-de-72-horas-civicos-dicen-no-hemos-considerado-levantar-el-paro_303996;;;;;;;;;;;;;;;;;;;;
;https://www.paginasiete.bo/opinion/columnistas/cerco-a-las-ciudades-un-crimen-de-inanicion-HM4835786;;;;;;;;;;;;;;;;;;;;
;https://eldeber.com.bo/opinion/la-MAS-que-retorica-putinista-de-arce_301802;;;;;;;;;;;;;;;;;;;;
;https://eldeber.com.bo/pais/arce-promulga-la-ley-del-censo-niega-traicion-y-pide-unidad-a-quienes-quieren-verlo-fracasar-desde-e_306118;;;;;;;;;;;;;;;;;;;;
;https://eldeber.com.bo/pais/fue-SANCIONADA-LA-LEY-DEL-CENSO-EVO-PERDIO-LA-PULSEADA-y-dejan-norma-a-arce_305786;;;;;;;;;;;;;;;;;;;;
;https://eldeber.com.bo/gente/ana-carola-traverso-krejcarek-el-gobierno-le-esta-dando-pie-a-esta-region-a-cuestionar-el-contrato-s_305141;;;;;;;;;;;;;;;;;;;;
;https://www.paginasiete.bo/opinion/columnistas/REDISCUTIR-LA-RELACION-CON-EL-ESTADO-BOLIVIANO-BL5379201;;;;;;;;;;;;;;;;;;;;
;https://eldeber.com.bo/pais/chuquisaca-promueve-encuentro-con-oruro-potosi-y-tarija-para-evitar-perdida-de-escanos-por-el-censo_305569;;;;;;;;;;;;;;;;;;;;
;https://www.paginasiete.bo/nacional/nueva-relacion-con-el-estado-implicaria-SUPERAR-LA-AUTONOMIA-CENTRALIZADA-MY5364385;;;;;;;;;;;;;;;;;;;;
;https://eldeber.com.bo/pais/COMISION-DE-NOTABLES-TRABAJARA-en-una-RUTA-CRITICA-HACIA-la-AUTODETERMINACION_305367;;;;;;;;;;;;;;;;;;;;
;https://eldeber.com.bo/opinion/con-la-conviccion-intacta_305192;;;;;;;;;;;;;;;;;;;;
;https://eldeber.com.bo/edicion-impresa/HACIA-DONDE-NOS-QUIERE-LLEVAR-EL-GOBIERNO_304964;;;;;;;;;;;;;;;;;;;;
;https://www.paginasiete.bo/seguridad/paro-en-34-dias-abrieron-74-procesos-y-relevaron-a-500-policias-cada-10-dias-EB5333161;;;;;;;;;;;;;;;;;;;;
;https://eldeber.com.bo/pais/el-MAS-DILATA-DEBATE-DE-LEY-DEL-CENSO-sin-fecha-y-traba-labor-de-comision-en-diputados_304719;;;;;;;;;;;;;;;;;;;;
;https://www.paginasiete.bo/nacional/evo-dice-que-aprobar-la-ley-del-censo-es-ir-contra-la-palabra-de-arce-y-volver-a-la-democracia-pactada-YB5267919;;;;;;;;;;;;;;;;;;;;
;https://www.paginasiete.bo/nacional/un-mes-de-paro-santa-cruz-ve-una-victoria-y-arce-plan-de-matonaje-KA5266149;;;;;;;;;;;;;;;;;;;;
;https://www.paginasiete.bo/cultura/de-las-calles-y-rotondas-a-youtube-canciones-de-protesta-que-son-hits-EE5237262;;;;;;;;;;;;;;;;;;;;
;https://www.paginasiete.bo/ideas/una-santa-cruz-cada-vez-mas-plurinacional-se-encamina-a-consolidar-su-poder-politico-HB5210669;;;;;;;;;;;;;;;;;;;;
;https://www.paginasiete.bo/ideas/el-masismo-conocio-a-la-verdadera-santa-cruz-CB5210488;;;;;;;;;;;;;;;;;;;;
;https://eldeber.com.bo/edicion-impresa/EL-SUENO-DE-LA-AUTODETERMINACION_303890;;;;;;;;;;;;;;;;;;;;
;https://www.paginasiete.bo/nacional/ejecutivo-legislativo-y-TSE-coordinaran-acciones-para-garantizar-el-censo-y-la-redistribucion-economica-y-electoral-BE5215131;;;;;;;;;;;;;;;;;;;;
;https://www.paginasiete.bo/nacional/tse-pone-plazo-para-distribuir-escanos-y-gobierno-ofrece-adelantar-resultados-ME5204079;;;;;;;;;;;;;;;;;;;;
;https://eldeber.com.bo/pais/el-MAS-se-centra-en-pugna-interna-y-posterga-debate-sobre-ley-del-censo_304285;;;;;;;;;;;;;;;;;;;;
;https://eldeber.com.bo/pais/la-garantia-legal-sobre-los-escanos-es-el-ultimo-nudo-del-conflicto-por-el-censo_304170;;;;;;;;;;;;;;;;;;;;
;https://eldeber.com.bo/santa-cruz/despues-del-plazo-de-72-horas-civicos-dicen-no-hemos-considerado-levantar-el-paro_303996;;;;;;;;;;;;;;;;;;;;
;https://eldeber.com.bo/pais/ven-que-el-paro-cumplio-su-objetivo-y-sugieren-que-haya-nuevas-estrategias_304012;;;;;;;;;;;;;;;;;;;;
;https://eldeber.com.bo/santa-cruz/censo-COMITE-SALE-A-EXPLICAR-en-sus-redes-que-significan-LAS-PREGUNTAS-DEL-CABILDO_303842;;;;;;;;;;;;;;;;;;;;
;https://www.paginasiete.bo/economia/dependencia-de-insumos-de-santa-cruz-y-falta-de-vias-asfixian-a-cochabamba-FA5121623;;;;;;;;;;;;;;;;;;;;
;https://www.paginasiete.bo/nacional/23-dias-de-paro-3-muertos-mas-de-170-heridos-y-42-abusos-a-los-ddhh-FG5118465;;;;;;;;;;;;;;;;;;;;
;https://eldeber.com.bo/pais/el-gobierno-entregara-los-resultados-finales-al-tse-para-los-escanos-en-diciembre-2024_303760;;;;;;;;;;;;;;;;;;;;
;https://www.la-razon.com/sociedad/2022/11/14/ministra-llama-a-los-crucenos-a-romper-el-miedo/;;;;;;;;;;;;;;;;;;;;
;https://eldeber.com.bo/pais/ARCE-ADVIERTE-CON-DEFENDERSE-EN-LAS-CALLES-ante-movilizacion-por-el-censo_303747;;;;;;;;;;;;;;;;;;;;
;https://eldeber.com.bo/santa-cruz/si-le-hemos-dado-72-horas-al-gobierno-vecinos-van-a-la-casa-de-calvo-para-pedirle-que-les-aclare-dud_303762;;;;;;;;;;;;;;;;;;;;
;https://www.paginasiete.bo/opinion/columnistas/la-quimera-del-censo-el-padron-y-el-fraude-LC5105805;;;;;;;;;;;;;;;;;;;;
;https://www.lostiempos.com/actualidad/pais/20221113/mas-se-resiste-al-censo-evitar-redistribucion-escanos;;;;;;;;;;;;;;;;;;;;
;https://eldeber.com.bo/santa-cruz/el-PARO-CONTINUA-CUALES-FUERON-LOS-5-PUNTOS-APROBADOS-EN-EL-CABILDO_303757;;;;;;;;;;;;;;;;;;;;
;https://www.la-razon.com/seguridad-ciudadana/2022/11/14/reportan-42-casos-de-vulneracion-de-derechos-en-el-paro-cruceno/;;;;;;;;;;;;;;;;;;;;
;https://eldeber.com.bo/pais/COB-exige-al-gobierno-declarar-estado-de-excepcion-en-santa-cruz_303587;;;;;;;;;;;;;;;;;;;;
;https://eldeber.com.bo/santa-cruz/marchistas-y-ENCAPUCHADOS-DEL-MAS-ATACARON-LAS-VIGILIAS-y-la-policia-gasifico-en-el-dia-21-del-paro-_303558;;;;;;;;;;;;;;;;;;;;
;https://eldeber.com.bo/santa-cruz/ARDE-LA-FEDERACION-DE-CAMPESINOS-camacho-llega-al-comando-departamental-para-pedir-que-no-resguarde-_303567;;;;;;;;;;;;;;;;;;;;
;https://eldeber.com.bo/edicion-impresa/envian-mas-policias-a-santa-cruz-el-gobierno-denuncia-violencia-en-el-paro_303488;;;;;;;;;;;;;;;;;;;;
;https://eldeber.com.bo/santa-cruz/los-9-dias-de-los-INTERCULTURALES-EN-BUENA-VISTA-entre-enfrentamientos-con-pobladores-y-video-para-l_303320;;;;;;;;;;;;;;;;;;;;
;https://www.paginasiete.bo/nacional/presentan-denuncia-contra-del-castillo-por-presunta-coordinacion-del-cerco-a-una-refineria-en-santa-cruz-JD5014319;;;;;;;;;;;;;;;;;;;;
;https://eldeber.com.bo/pais/Evo-dice-que-la-decision-de-postergar-el-censo-hasta-el-2024-fue-politica_303695;;;;;;;;;;;;;;;;;;;;
;https://eldeber.com.bo/pais/Arce-dilata-debate-del-censo-para-ocultar-la-corrupcion-el-narcotrafico-y-la-fractura-del-MAS-la-dur_303055;;;;;;;;;;;;;;;;;;;;
;https://eldeber.com.bo/pais/arce-cumple-dos-anos-de-mandato-enfrentado-a-santa-cruz-y-contra-evo_302987;;;;;;;;;;;;;;;;;;;;
;https://eldeber.com.bo/pais/gobierno-prometio-ajustar-el-calendario-del-censo-y-aposto-al-desgaste-de-camacho_302902;;;;;;;;;;;;;;;;;;;;
;https://www.paginasiete.bo/seguridad/policias-llevados-a-santa-cruz-denuncian-que-duermen-en-el-piso-y-robo-de-viaticos-AN4971714;;;;;;;;;;;;;;;;;;;;
;https://www.paginasiete.bo/economia/transporte-pesado-da-plazo-hasta-el-domingo-para-que-el-gobierno-solucione-los-conflictos-o-bloqueara-NK4963078;;;;;;;;;;;;;;;;;;;;
;https://eldeber.com.bo/pais/Arce-relega-plazos-para-conclusiones-de-la-comision-tecnica-y-pone-condiciones_302844;;;;;;;;;;;;;;;;;;;;
;https://www.paginasiete.bo/nacional/cox-dice-que-desde-los-ministerios-de-gobierno-y-justicia-inducen-a-la-violencia-en-santa-cruz-NJ4913087;;;;;;;;;;;;;;;;;;;;
;https://eldeber.com.bo/pais/tras-enfrentamiento-con-pobladores-de-san-carlos-caravana-del-mas-se-dirige-a-buena-vista_302255;;;;;;;;;;;;;;;;;;;;
;https://www.paginasiete.bo/nacional/censo-la-mesa-tecnica-comienza-con-preacuerdos-y-la-liberacion-de-presos-KD4959518;;;;;;;;;;;;;;;;;;;;
;https://www.la-razon.com/nacional/2022/11/03/plena-crisis-encuesta-atribuye-imagen-positiva-alta-para-arce-y-baja-para-camacho/;;;;;;;;;;;;;;;;;;;;
;https://www.paginasiete.bo/opinion/columnistas/el-liderazgo-de-la-lucha-por-el-censo-en-2023-FM4925227;;;;;;;;;;;;;;;;;;;;
;https://www.paginasiete.bo/nacional/el-GOBIERNO-DA-POR-CERRADO-EL-DIALOGO-e-instalara-el-viernes-una-mesa-tecnica-para-decidir-la-fecha-definitiva-del-censo-EL4940644;;;;;;;;;;;;;;;;;;;;
;https://eldeber.com.bo/pais/ponchos-rojos-desmienten-arribo-a-santa-cruz-y-otras-amenazas-siguen-latentes_302596;;;;;;;;;;;;;;;;;;;;
;https://www.paginasiete.bo/nacional/MAS-y-oposicion-apuntan-a-del-castillo-por-sabotear-el-dialogo-y-reavivar-la-violencia-en-santa-cruz-DM4934674;;;;;;;;;;;;;;;;;;;;
;https://eldeber.com.bo/pais/GOBIERNO-DESAUTORIZA-AL-MINISTRO-DEL-CASTILLO-quien-dijo-que-el-censo-es-imposible-realizarlo-en-202_302530-;;;;;;;;;;;;;;;;;;;;
;https://eldeber.com.bo/paiS/CAMBIAN-EL-ALTO-MANDO-MILITAR-y-la-oposicion-ve-afrenta-a-santa-cruz_302507;;;;;;;;;;;;;;;;;;;;
;https://eldeber.com.bo/pais/sectores-meten-presion-a-luis-arce-para-terminar-el-conflicto-y-en-el-exterior-critican-su-apoyo-a-a_302506;;;;;;;;;;;;;;;;;;;;
;https://www.paginasiete.bo/nacional/censo-una-fuerte-represion-en-La-Guardia-frena-dialogo-en-santa-cruz-CG4923859;;;;;;;;;;;;;;;;;;;;
;https://www.la-razon.com/nacional/2022/11/02/miembros-de-la-UJC-destruyen-seis-patrullas-y-saquean-un-comando-policial-en-la-guardia/;;;;;;;;;;;;;;;;;;;;
;https://eldeber.com.bo/paiS/PIDEN-AL-PRESIDENTE-EVITAR-BANO-DE-SANGRE-y-surge-un-tercer-intento-de-dialogo_302391;;;;;;;;;;;;;;;;;;;;
;https://www.paginasiete.bo/nacional/prada-y-camacho-suben-el-tono-y-se-lanzan-acusaciones-FG4888645;;;;;;;;;;;;;;;;;;;;
;https://www.paginasiete.bo/nacional/mas-moviliza-a-campesinos-transporte-y-gremiales-pide-la-renuncia-de-camacho-DF4887995;;;;;;;;;;;;;;;;;;;;
;https://eldeber.com.bo/santa-cruz/tras-reaccion-del-pueblo-de-pailon-grupos-de-choque-del-mas-retroceden-y-retornan_302243;;;;;;;;;;;;;;;;;;;;
;https://eldeber.com.bo/pais/evo-dice-que-el-gobierno-de-arce-dejo-la-situacion-de-bolivia-en-manos-de-santa-cruz_302219;;;;;;;;;;;;;;;;;;;;
;https://www.paginasiete.bo/nacional/civicos-mantienen-paro-por-octavo-dia-y-gobierno-advierte-que-cuidado-despues-no-puedan-revertir-la-situacion-HN4870988;;;;;;;;;;;;;;;;;;;;
;https://eldeber.com.bo/politica/GOBIERNO-RATIFICA-CENSO-EN-2024-Y-AMENAZA-CON-VIOLENCIA-DE-SUS-SECTORES-SI-NO-SE-SUSPENDE-EL-PARO_302142;;;;;;;;;;;;;;;;;;;;
;https://www.la-razon.com/economia/2022/10/28/gobierno-levantara-restriccion-de-exportacion-si-agropecuarios-garantizan-abastecimiento-interno/;;;;;;;;;;;;;;;;;;;;
;https://eldeber.com.bo/pais/reunion-en-cochabamba-acaba-sin-resolver-conflicto-por-el-censo-el-paro-continua_302053;;;;;;;;;;;;;;;;;;;;
;https://eldeber.com.bo/pais/gobernador-de-santa-cruz-el-camino-es-el-federalismo-ese-momento-se-acerca-cada-vez-mas_301981;;;;;;;;;;;;;;;;;;;;
;https://eldeber.com.bo/pais/gobierno-acusa-a-civicos-de-crear-crisis-alimentaria-y-advierte-con-consecuencias-despues_301818;;;;;;;;;;;;;;;;;;;;
;https://eldeber.com.bo/pais/gobierno-suspende-exportacion-de-alimentos-como-carne-soya-aceite-y-azucar-hasta-que-acabe-el-paro_301808;;;;;;;;;;;;;;;;;;;;
;https://www.paginasiete.bo/nacional/ejecutivo-de-la-CSUTCB-desafia-a-una-pelea-a-puno-limpio-y-amenaza-con-matar-a-camacho-y-calvo-DJ4830027;;;;;;;;;;;;;;;;;;;;
;https://www.paginasiete.bo/economia/interculturales-de-san-julian-toman-SOGIMA-y-advierten-con-ocupar-otras-empresas-AB4838705;;;;;;;;;;;;;;;;;;;;
;https://eldeber.com.bo/pais/amenazan-con-cercar-santa-cruz-con-un-millon-de-campesinos-y-sostenerlo-hasta-generar-hambruna_301762;;;;;;;;;;;;;;;;;;;;
;https://eldeber.com.bo/edicion-impresa/CAINCO-exigimos-al-ejecutivo-buscar-un-acuerdo-con-quienes-tienen-planteamientos-legitimos-y-bien-fu_301821;;;;;;;;;;;;;;;;;;;;
;https://www.paginasiete.bo/nacional/vence-el-plazo-camacho-convoca-a-las-calles-y-el-mas-mueve-gente-a-santa-cruz-AL4728442;;;;;;;;;;;;;;;;;;;;
;https://eldeber.com.bo/pais/el-censo-mostrara-un-pais-mas-urbano-y-preven-que-revelara-fallas-del-padron_301337 ttps://eldeber.com.bo/santa-cruz/afines-al-MAS-advierten-con-cercar-santa-cruz-si-no-se-levanta-el-paro-en-48-horas_301363;;;;;;;;;;;;;;;;;;;;
;https://eldeber.com.bo/edicion-impresa/sepa-cuantos-crucenos-NO-estan-contados-para-la-asignacion-de-recursos-ni-la-planificacion-de-obras_301323;;;;;;;;;;;;;;;;;;;;
;https://eldeber.com.bo/pais/el-censo-mostrara-un-pais-mas-urbano-y-preven-que-revelara-fallas-del-padron_301337;;;;;;;;;;;;;;;;;;;;
;https://eldeber.com.bo/edicion-impresa/ratifican-amenaza-del-cerco-a-santa-cruz-otras-regiones-piden-censo-2023_301581;;;;;;;;;;;;;;;;;;;;
;https://eldeber.com.bo/santa-cruz/vecinos-refuerzan-los-bloqueos-en-calles-avenidas-y-carreteras-tras-fracasar-las-negociaciones-con-e_301334;;;;;;;;;;;;;;;;;;;;
;https://eldeber.com.bo/santa-cruz/un-grupo-de-choque-desbloquea-y-agrede-a-personas-que-exigen-censo-para-2023_301282;;;;;;;;;;;;;;;;;;;;
;https://eldeber.com.bo/arce-grupos-sin-relevancia-politica-quieren-desestabilizar-al-gobierno-pero-que-el-pueblo-no-lo-perm_298932;;;;;;;;;;;;;;;;;;;;
;https://eldeber.com.bo/pais/FAM-dice-que-el-cabildo-fue-instrumentalizado-y-declara-emergencia-ante-posible-paro-en-santa-cruz_299751;;;;;;;;;;;;;;;;;;;;
;https://eldeber.com.bo/pais/rechazan-mesa-tecnica-en-santa-cruz-si-el-decreto-que-aplazo-el-censo-sigue-vigente_299798;;;;;;;;;;;;;;;;;;;;
;https://eldeber.com.bo/santa-cruz/policias-denuncian-que-les-ordenaron-acuartelarse-por-el-cabildo-del-castillo-lo-niega_298824;;;;;;;;;;;;;;;;;;;;
;https://eldeber.com.bo/santa-cruz/cabildo-cruceno-da-plazo-de-21-dias-para-tener-censo-el-2023-caso-contrario-habra-paro-indefinido_298829;;;;;;;;;;;;;;;;;;;;
;https://eldeber.com.bo/pais/el-cabildo-del-censo-es-el-primero-que-admite-el-estado-y-dara-voz-a-la-gente_294452;;;;;;;;;;;;;;;;;;;;
;https://www.paginasiete.bo/economia/preven-que-electricas-den-el-5-de-sus-ventas-a-la-renta-dignidad-AX5404714;Economía;;;;;;;;;;;;;;;;;;;
;https://eldeber.com.bo/edicion-impresa/el-GOBIERNO-PLANTEA-crecimiento-con-unA-MENOR-INVERSION-PUBLICA_305468;;;;;;;;;;;;;;;;;;;;
;https://eldeber.com.bo/edicion-impresa/pese-a-excedente-electrico-ENDE-RECIBIRA-BS-4000-MILLONES-EN-EL-PRESUPUESTO-general-2023_305140;;;;;;;;;;;;;;;;;;;;
;https://www.paginasiete.bo/economia/PGE-2023-asigna-al-gobierno-central-el-85-de-los-recursos-HX5330999;;;;;;;;;;;;;;;;;;;;
;https://eldeber.com.bo/edicion-impresa/a-septiembre-exportaciones-de-productos-no-tradicionales-superan-en-ingresos-al-gas-natural_304698;;;;;;;;;;;;;;;;;;;;
;https://eldeber.com.bo/edicion-impresa/preven-us-327-millones-menos-por-venta-de-gas-y-us-406-millones-mas-por-subsidio-de-combustible_304842;;;;;;;;;;;;;;;;;;;;
;https://www.paginasiete.bo/economia/gobierno-da-4-alternativas-para-bajar-subvencion-DA5266216;;;;;;;;;;;;;;;;;;;;
;https://www.paginasiete.bo/economia/economia-proyecta-un-crecimiento-del-pib-de-486-y-un-deficit-del-749-para-2023-CF5263422;;;;;;;;;;;;;;;;;;;;
;https://brujuladigital.net/opinion/economia-los-temas-que-no-debatimos-pero-que-deberiamos   Quico Velazco;;;;;;;;;;;;;;;;;;;;
;https://eldeber.com.bo/dinero/Banco-central-de-bolivia-DUPLICA-la-comision-que-cobra-a-entidades-financieras-por-el-retiro-de-dola_304360;;;;;;;;;;;;;;;;;;;;
;https://www.paginasiete.bo/sociedad/bolivia-el-tercero-de-sudamerica-con-el-indice-mas-alto-de-hambre-HJ5182119;;;;;;;;;;;;;;;;;;;;
;https://www.paginasiete.bo/economia/velazco-reduccion-de-la-pobreza-registrada-es-poco-realista-XL5159918;;;;;;;;;;;;;;;;;;;;
;https://eldeber.com.bo/edicion-impresa/los-indices-de-hambre-en-potosi-y-chuquisaca-son-alarmantes-segun-informe_303991;;;;;;;;;;;;;;;;;;;;
;https://eldeber.com.bo/edicion-impresa/la-economia-figura-como-nuevo-factor-de-conflicto-en-el-pais-segun-expertos_303719;;;;;;;;;;;;;;;;;;;;
;https://www.paginasiete.bo/economia/RIN-CAEN-por-DEBAJO-DE-US-4000-MM-y-divisas-suman-menos-de-us-1000-mm-LB5012058;;;;;;;;;;;;;;;;;;;;
;https://www.paginasiete.bo/economia/CNC-el-contrabando-mueve-us-3600-millones-equivalentes-al-9-del-pib-GC5073484;;;;;;;;;;;;;;;;;;;;
;https://www.paginasiete.bo/sociedad/INDIGENAS-RECHAZAN-ACUERDO-GOBIERNO-COOPERATIVISTAS-y-anuncian-toma-de-oficinas-del-parque-madidi-BY4991298;;;;;;;;;;;;;;;;;;;;
;https://www.paginasiete.bo/economia/ine-registra-la-inflacion-mas-alta-del-ano-y-los-precios-de-alimentos-se-disparan-HY4980977;;;;;;;;;;;;;;;;;;;;
;https://eldeber.com.bo/edicion-impresa/tras-cinco-anos-de-operar-a-baja-capacidad-plantean-cuatro-vias-para-planta-de-urea-y-amoniaco_302822;;;;;;;;;;;;;;;;;;;;
;https://www.paginasiete.bo/opinion/columnistas/recursos-y-asegurados-del-fondo-de-pensiones-en-extincion-EG4967503   Bonadona;;;;;;;;;;;;;;;;;;;;
;https://www.la-razon.com/economia/2022/10/28/exportacion-de-carne-azucar-y-soya-llega-a-us-1-5096-mm/;;;;;;;;;;;;;;;;;;;;
;https://eldeber.com.bo/dinero/gobierno-deroga-decreto-que-establecia-traspaso-de-utilidades-de-empresas-publicas_301801;;;;;;;;;;;;;;;;;;;;
;https://eldeber.com.bo/pais/mineros-auriferos-rompen-el-dialogo-con-el-gobierno-y-la-paz-continua-bloqueada_301569;;;;;;;;;;;;;;;;;;;;
;https://eldeber.com.bo/edicion-impresa/gobierno-apuesta-por-mas-deuda-externa-para-sostener-las-rin-y-el-tipo-de-cambio-en-el-corto-y-media_301260;;;;;;;;;;;;;;;;;;;;
;https://www.paginasiete.bo/economia/el-ejecutivo-pide-a-los-auriferos-retomar-el-dialogo-XA4727033;;;;;;;;;;;;;;;;;;;;
;https://www.paginasiete.bo/opinion/columnistas/los-discolos-hijos-del-amor-FMI-gobierno-IX4347695;;;;;;;;;;;;;;;;;;;;
;https://www.paginasiete.bo/economia/seis-aeropuertos-causaron-un-deficit-de-bs-116-millones-CK4491352;;;;;;;;;;;;;;;;;;;;
;https://www.paginasiete.bo/economia/cuatro-empresas-deficitarias-deben-596-millones-de-bolivianos-al-BCB-EF4632897;;;;;;;;;;;;;;;;;;;;
;https://eldeber.com.bo/dinero/armin-dorgathen-presidente-de-ypfb-la-ley-de-incentivos-no-funciono-por-demasiada-burocracia-en-el-s_299708;;;;;;;;;;;;;;;;;;;;
;https://eldeber.com.bo/dinero/reservas-en-divisas-del-banco-central-se-situan-en-us-1182-millones-un-17-menos-desde-enero_299713;;;;;;;;;;;;;;;;;;;;
;https://eldeber.com.bo/economia/el-266-de-inversiones-de-los-fondos-de-pensiones-esta-en-bonos-del-tesoro-general-de-la-nacion_299769;;;;;;;;;;;;;;;;;;;;
;https://www.paginasiete.bo/economia/desde-su-creacion-12-EMPRESAS-ESTATALES-ACUMULAN-PERDIDAS-POR-BS-3000-MILLONES-BF4546388;;;;;;;;;;;;;;;;;;;;
;https://eldeber.com.bo/dinero/estatales-adeudan-us-6148-millones-y-el-30-reprogramo-sus-pagos-al-banco-central-de-bolivia_294100;;;;;;;;;;;;;;;;;;;;
;https://www.paginasiete.bo/economia/la-mora-bancaria-sube-al-2-un-porcentaje-no-visto-desde-2010-MF4205907;;;;;;;;;;;;;;;;;;;;
;https://www.paginasiete.bo/gente/un-nuevo-comienzo-bolivia-intenta-encarrilar-el-futuro-del-litio-AE4134736;;;;;;;;;;;;;;;;;;;;
;https://www.paginasiete.bo/economia/FMI-PLANTEA-DRASTICOS-RECORTES-si-bolivia-mantiene-fijo-el-dolar-XN4179077;;;;;;;;;;;;;;;;;;;;
;https://www.paginasiete.bo/economia/restaurantes-movieron-us-321mm-BC4136322;;;;;;;;;;;;;;;;;;;;
;https://www.paginasiete.bo/economia/planta-de-biodiesel-1-producira-1500-barriles-y-reciclara-aceite-EC4136341;;;;;;;;;;;;;;;;;;;;
;https://www.lostiempos.com/actualidad/pais/20220912/gobierno-dice-que-mas-35-millones-gremiales-se-beneficiaran-ley-1455;;;;;;;;;;;;;;;;;;;;
;https://www.paginasiete.bo/economia/GESTORA-CONTROLARA-US-23063-MM-de-pensiones-desde-2023-analistas-alertan-riesgos-DF3315555;;;;;;;;;;;;;;;;;;;;
;https://eldeber.com.bo/pais/gobernaciones-de-beni-y-de-tarija-estan-sin-recursos-para-la-gestion_292160;;;;;;;;;;;;;;;;;;;;
;https://www.paginasiete.bo/economia/BOLIVIA-PERDIO-13-JUICIOS-Y-PAGO-US-810-MILLONES-AD4036828;;;;;;;;;;;;;;;;;;;;
;https://www.paginasiete.bo/seguridad/grupos-parapoliciales-atacaron-a-periodistas-en-el-conflicto-de-ADEPCOCA-GI5390282;ADEPCOCA;;;;;;;;;;;;;;;;;;;
;https://www.paginasiete.bo/seguridad/aprehenden-a-otro-dirigente-de-ADEPCOCA-por-la-toma-del-mercado-paralelo-BE5035388;;;;;;;;;;;;;;;;;;;;
;https://eldeber.com.bo/pais/andronico-pide-negociar-por-una-sola-directiva-y-un-solo-mercado-de-coca-el-no-se-reunira_293529;;;;;;;;;;;;;;;;;;;;
;https://www.paginasiete.bo/seguridad/YUNGUENOS-SE-PREPARAN-PARA-LLEGAR-A-LA-PAZ-gobierno-anuncia-plan-antimarchas-AB4210046;;;;;;;;;;;;;;;;;;;;
;https://eldeber.com.bo/pais/envian-por-seis-meses-a-la-carcel-al-dirigente-de-adepcoca-freddy-machicado_293017;;;;;;;;;;;;;;;;;;;;
;https://www.paginasiete.bo/seguridad/con-una-vigilia-alanes-y-el-MAS-buscaran-permiso-para-mercado-DF4135566;;;;;;;;;;;;;;;;;;;;
;https://eldeber.com.bo/pais/cocaleros-denuncian-persecucion-y-el-mas-culpa-a-ministros-daninos_292739;;;;;;;;;;;;;;;;;;;;
;https://www.paginasiete.bo/nacional/ministro-gonzales-a-adepcoca-no-estan-en-condiciones-de-exigir-nada-vayan-a-misa-a-purgarse-IJ4083930;;;;;;;;;;;;;;;;;;;;
;https://eldeber.com.bo/pais/csutcb-acusa-al-ministro-de-gobierno-de-retirar-resguardo-policial-en-mercado-de-alanes_292317;;;;;;;;;;;;;;;;;;;;
;https://eldeber.com.bo/pais/COCALEROS-de-yungas-toman-y-queman-el-mercado-ilegal-de-coca-de-los-afines-del-mas_292313;;;;;;;;;;;;;;;;;;;;
;https://www.paginasiete.bo/seguridad/sectores-reciben-a-miles-de-cocaleros-que-conminan-a-cerrar-el-mercado-ilegal-KY4054826;;;;;;;;;;;;;;;;;;;;
;https://eldeber.com.bo/pais/gobierno-intenta-dialogar-con-cocaleros-y-advierte-que-no-tolerara-desmanes_292169;;;;;;;;;;;;;;;;;;;;
;https://www.paginasiete.bo/seguridad/la-marcha-recibe-mas-apoyo-y-al-gobierno-no-le-quita-el-sueno-DD4014948;;;;;;;;;;;;;;;;;;;;
;https://eldeber.com.bo/pais/gasifican-y-hieren-a-ponchos-rojos-que-intentaron-entrar-a-la-plaza-murillo-para-exigir-proyectos-al_304655;Interna del MAS;;;;;;;;;;;;;;;;;;;
;https://www.paginasiete.bo/nacional/Copa-en-el-MAS-hay-una-dictadura-interna-que-afecta-a-bolivia-AX4624828;;;;;;;;;;;;;;;;;;;;
;https://eldeber.com.bo/pais/seis-conflictos-rodean-a-arce-ven-que-el-gobierno-y-evo-crearon-inestabilidad_300181;;;;;;;;;;;;;;;;;;;;
;https://www.paginasiete.bo/nacional/Evo-que-pasa-con-los-ministros-lima-defiende-a-mesa-del-castillo-reunido-con-camacho-montano-ataca-a-cuba-y-venezuela-JL5368803;;;;;;;;;;;;;;;;;;;;
;https://www.paginasiete.bo/nacional/ministro-montano-senala-que-santa-cruz-esta-peor-que-venezuela-y-cuba-a-causa-del-paro-GA5345954;;;;;;;;;;;;;;;;;;;;
;https://www.paginasiete.bo/nacional/copa-en-el-mas-hay-una-dictadura-interna-que-afecta-a-bolivia-AX4624828;;;;;;;;;;;;;;;;;;;;
;https://eldeber.com.bo/pais/seis-conflictos-rodean-a-arce-ven-que-el-gobierno-y-evo-crearon-inestabilidad_300181;;;;;;;;;;;;;;;;;;;;
;https://eldeber.com.bo/pais/EVO-ACUSA-A-LIMA-DE-FILTRAR-EL-INFORME-DE-LA-CIDH-y-el-ministro-lo-niega-respondiendo-que-presento-u_298965;;;;;;;;;;;;;;;;;;;;
;https://eldeber.com.bo/pais/revelan-planes-de-revocar-a-arce-y-evo-dice-que-hay-despidos-a-leales_306558;;;;;;;;;;;;;;;;;;;;
;https://www.paginasiete.bo/nacional/evo-ve-dos-alas-en-el-mas-azules-de-conviccion-revolucionaria-y-rojos-de-ambicion-momentanea-AG5495002;;;;;;;;;;;;;;;;;;;;
;https://eldeber.com.bo/santa-cruz/luto-en-pando-denuncian-que-hace-15-dias-la-fiscalia-y-el-gobierno-sabian-que-personas-armadas-avasa_306245;;;;;;;;;;;;;;;;;;;;
;https://eldeber.com.bo/pais/lluvia-de-criticas-contra-Arce-el-deberia-decir-de-una-vez-que-evo-quiere-desestabilizar-el-gobierno_306201;;;;;;;;;;;;;;;;;;;;
;https://eldeber.com.bo/pais/presidente-DICE-QUE-EN-EL-MAS-BUSCAN-ACORTAR-SU-MANDATO-y-pide-sentar-precedentes-con-juicios-contra_306123;;;;;;;;;;;;;;;;;;;;
;https://www.paginasiete.bo/nacional/arce-logra-bancada-de-46-legisladores-pero-requiere-de-la-oposicion-para-leyes-NF5430861;;;;;;;;;;;;;;;;;;;;
;https://www.paginasiete.bo/nacionaL/EVO-suspension-del-paro-prueba-el-acuerdo-entre-traidores-y-masacradores-la-megacoalicion-ha-vuelto-BK5378614;;;;;;;;;;;;;;;;;;;;
;https://www.paginasiete.bo/nacional/jefe-de-bancada-del-mas-QUINTANA-LLAMO-PARA-DECIR-que-EL-GOBIERNO-VA-A-DURAR-HASTA-MAYO-DE-2023-NG5383429;;;;;;;;;;;;;;;;;;;;
;https://eldeber.com.bo/pais/ORGANIZACIONES-SOCIALES-SUFREN-DIVISION-y-escuela-de-lideres-estan-en-la-mira_305461;;;;;;;;;;;;;;;;;;;;
;https://eldeber.com.bo/pais/mas-sigue-en-pelea-interna-pero-unifican-criterios-para-enfrentar-a-santa-cruz_305452;;;;;;;;;;;;;;;;;;;;
;https://www.paginasiete.bo/nacional/jefe-de-bancada-del-mas-acusa-a-quintana-y-camacho-por-pactar-para-perjudicar-la-ley-del-censo-LA5345386;;;;;;;;;;;;;;;;;;;;
;https://www.paginasiete.bo/nacional/exministro-ROMERO-TENGO-AUDIOS-QUE-DEMUESTRAN-ALIANZA-DE-ARCE-CON-LA-OPOSICION-KF5337693;;;;;;;;;;;;;;;;;;;;
;https://www.paginasiete.bo/nacional/evo-responsabiliza-a-diputados-que-aprueben-la-ley-del-censo-si-algunas-regiones-pierden-curules-XH528320 2;;;;;;;;;;;;;;;;;;;;
;https://www.paginasiete.bo/nacional/ARCISTAS-PIDEN-INDAGAR-aportes-al-mas-y-A-EVO-EN-CASO-GOLPE-CA5288765;;;;;;;;;;;;;;;;;;;;
;https://eldeber.com.bo/paiS/EL-MAS-ACUSA-AL-GOBIERNO-DE-DEJAR-SIN-OBRAS-A-MUNICIPIOS-que-no-estan-del-lado-de-arce-y-de-proteger_304801;;;;;;;;;;;;;;;;;;;;
;https://eldeber.com.bo/pais/quintana-reaparece-y-acusa-al-gobierno-de-pactar-con-el-gobernador-de-santa-cruz_304498;;;;;;;;;;;;;;;;;;;;
;https://eldeber.com.bo/pais/Evo-no-olvida-su-inhabilitacion-como-candidato-al-senado-y-advierte-ya-es-hora-de-sentar-la-mano-al-_304515;;;;;;;;;;;;;;;;;;;;
;https://www.paginasiete.bo/nacional/arriba-votaron-por-andronico-y-no-son-masistas-pero-aca-nos-dicen-traidores-XF5236918    peleas internas creemos;;;;;;;;;;;;;;;;;;;;
;https://www.paginasiete.bo/nacional/quintana-los-liwi-liwis-son-los-que-transan-dan-impunidad-y-dicen-no-te-voy-a-procesar-pero-dejame-gobernar-GY5230796;;;;;;;;;;;;;;;;;;;;
;https://eldeber.com.bo/pais/diputada-del-mas-adelanta-que-Arce-ira-a-la-reeleccion-y-dice-que-se-alisten-para-las-primarias_304172;;;;;;;;;;;;;;;;;;;;
;https://eldeber.com.bo/pais/acusan-a-arce-de-privar-uso-de-banderas-azules-y-presidencia-desmiente-supuesta-prohibicion_304166;;;;;;;;;;;;;;;;;;;;
;https://www.paginasiete.bo/nacional/EVO-sobre-el-cabildo-esperamos-que-no-se-negocie-la-impunidad-para-los-autores-que-atacaron-la-unica-bartolinas-y-la-cod-CF5124567;;;;;;;;;;;;;;;;;;;;
;https://eldeber.com.bo/pais/arispe-y-cuellar-se-agarran-a-punetes-en-diputados-la-division-del-mas-ahora-salpica-a-creemos-y-a-w_303304;;;;;;;;;;;;;;;;;;;;
;https://eldeber.com.bo/pais/mamani-resigna-la-presidencia-de-diputados-y-sus-seguidores-le-piden-que-no-abandone_303088;;;;;;;;;;;;;;;;;;;;
;https://eldeber.com.bo/pais/el-gobierno-y-el-mas-evista-se-acusan-mutuamente-de-pactar-con-luis-f-CAMACHO_303725;;;;;;;;;;;;;;;;;;;;
;https://www.paginasiete.bo/nacional/diputada-del-MAS-a-Evo-donde-estas-ahora-maldito-atacando-a-nuestro-presidente-en-vez-de-defender-CJ5092127;;;;;;;;;;;;;;;;;;;;
;https://www.la-razon.com/nacional/2022/11/08/coca-y-moldiz-ven-fractura-interna-en-el-mas-que-depende-de-arce-choquehuanca-y-morales /;;;;;;;;;;;;;;;;;;;;
;https://eldeber.com.bo/pais/Romero-denuncia-pacto-entre-renovadores-del-mas-y-opositores-para-sacar-de-escena-a-Evo-y-entregar-s_303553;;;;;;;;;;;;;;;;;;;;
;https://eldeber.com.bo/paiS/ALA-RADICAL-DICE-QUE-ARCE-Y-CHOQUEHUANCA-YA-NO-SON-DEL-MAS-y-crece-la-tension_303478;;;;;;;;;;;;;;;;;;;;
;https://www.paginasiete.bo/nacional/diputado-Arce-LUCHO-y-david-han-decidido-ser-candidatos-en-2025-no-se-si-iran-CON-EL-MAS-O-CON-EL-PS-1-DB5021746;;;;;;;;;;;;;;;;;;;;
;https://eldeber.com.bo/pais/gobierno-prepara-marcha-de-sus-sectores-en-aniversario-de-gestion-y-evo-pide-un-anuncio-que-pacifiqu_303112;;;;;;;;;;;;;;;;;;;;
;https://www.paginasiete.bo/nacionAL/EVO-a-ARCE-la-traicion-es-la-mancha-en-el-nombre-de-los-traidores-buscar-la-division-del-mas-es-someterse-a-la-derecha-JF5016957;;;;;;;;;;;;;;;;;;;;
;https://www.paginasiete.bo/nacional/diputado-cuellar-se-termino-el-dedazo-de-14-anos-el-chapare-nunca-volvera-a-asumir-cargos-jerarquicos-ND5005960;;;;;;;;;;;;;;;;;;;;
;https://www.paginasiete.bo/nacional/masistas-se-acusan-de-golpe-y-traicion-evistas-advierten-con-declararse-opositores-al-gobierno-de-arce-NB5012078;;;;;;;;;;;;;;;;;;;;
;https://eldeber.com.bo/pais/NO-CREO-QUE-HAYA-GOLPE-DICE-EVO-sobre-denuncia-de-arce-y-pide-otra-vez-renuncia-de-del-castillo_302967;;;;;;;;;;;;;;;;;;;;
;https://eldeber.com.bo/pais/lio-del-MAS-se-agrava-y-repudian-a-renovadores_302904;;;;;;;;;;;;;;;;;;;;
;https://eldeber.com.bo/pais/los-Pachajchos-son-vistos-como-un-grupo-de-poder-en-las-fuerzas-armadas_302903;;;;;;;;;;;;;;;;;;;;
;https://eldeber.com.bo/pais/en-el-MAS-se-acusan-de-golpistas-y-posesionan-a-jerges-mercado-como-presidente-de-diputados_302846;;;;;;;;;;;;;;;;;;;;
;https://eldeber.com.bo/paiS/PLAN-CONTRA-EVO-SE-COORDINA-ENTRE-LA-DEA-y-una-instancia-NACIONAL-SEGUN-ROMERO_302597;;;;;;;;;;;;;;;;;;;;
;https://www.paginasiete.bo/nacional/con-apoyo-de-arce-un-renovador-toma-la-jefatura-de-la-bancada-azul-en-diputados-MX4819079;;;;;;;;;;;;;;;;;;;;
;https://www.paginasiete.bo/ideas/fricciones-en-el-MAS-calculo-politico-o-tensiones-propias-de-un-partido-corporativista-JK4738038;;;;;;;;;;;;;;;;;;;;
;https://www.paginasiete.bo/nacional/en-casi-2-anos-el-gobierno-de-arce-paso-de-coordinar-con-evo-a-una-guerra-abierta-ND4566953;;;;;;;;;;;;;;;;;;;;
;https://eldeber.com.bo/pais/lucho-se-escapo-y-otras-16-frases-de-evo-contra-el-gobierno-de-arce_300691;;;;;;;;;;;;;;;;;;;;
;https://www.paginasiete.bo/nacional/en-medio-de-su-pelea-con-luis-arce-empeora-la-salud-de-evo-morales-KY4670927;;;;;;;;;;;;;;;;;;;;
;https://www.paginasiete.bo/nacional/evo-se-endurece-con-arce-y-dice-que-el-grupo-pachajcho-le-sigue-EF4654732;;;;;;;;;;;;;;;;;;;;
;https://eldeber.com.bo/pais/choquehuanca-habla-de-la-necesidad-de-un-hombre-nuevo-y-senala-que-solo-los-cobardes-huyen_299318;;;;;;;;;;;;;;;;;;;;
;https://www.paginasiete.bo/nacional/lima-borra-los-tuits-en-los-que-senalo-a-morales-por-mentir-y-discriminar-AA4543929;;;;;;;;;;;;;;;;;;;;
;https://www.paginasiete.bo/nacional/ministro-lima-pone-en-evidencia-dos-mentiras-de-evo-y-lo-senala-como-discriminador-IB4542028;;;;;;;;;;;;;;;;;;;;
;https://eldeber.com.bo/edicion-impresa/PARA-EL-MAS-LIMA-CONFABULA-PARA-MATAR-A-EVO-E-INDAGA-SI-ARCE-LO-APOYA_299895;;;;;;;;;;;;;;;;;;;;
;https://www.paginasiete.bo/nacional/vicepresidente-del-mas-apunta-a-del-castillo-y-lima-por-plan-negro-contra-evo-BI4192175;;;;;;;;;;;;;;;;;;;;
;https://youtu.be/4wnTADQySYU   Cuellar acusa a Evo y Camacho de conspirar juntos;;;;;;;;;;;;;;;;;;;;
;httpshttps://youtu.be/4wnTADQySYU://eldeber.com.bo/pais/en-el-aniversario-de-cochabamba-arce-y-evo-ya-no-participan-juntos-de-actos-protocolares_292737;;;;;;;;;;;;;;;;;;;;
;https://www.la-razon.com/nacional/2022/09/12/del-castillo-apunta-a-romero-y-quintana-como-el-cancer-terminal-de-evo-morales/;;;;;;;;;;;;;;;;;;;;
;}https://www.paginasiete.bo/nacional/12-ministros-y-dos-viceministros-de-evo-ocupan-altos-cargos-en-la-gestion-de-arce-DF4117656;;;;;;;;;;;;;;;;;;;;
;https://www.paginasiete.bo/seguridad/characayo-pide-que-se-investigue-al-diputado-cuellar-y-garcia-dice-que-hay-una-mafia-en-el-gobierno-MY4155608;;;;;;;;;;;;;;;;;;;;
;https://www.paginasiete.bo/nacional/EVO-DICE-que-la-cancilleria-miente-y-que-NO-ADMITIRA-un-desvio-ideologico-del-gobierno-XG4109347;;;;;;;;;;;;;;;;;;;;
;https://www.paginasiete.bo/nacional/lima-le-echa-en-cara-a-evo-error-de-elegir-a-jueces-y-tema-de-la-reeleccion-MN4096592;;;;;;;;;;;;;;;;;;;;
;https://www.paginasiete.bo/nacional/garcia-hay-enojo-en-gobierno-por-evo-candidato-BJ4218012;;;;;;;;;;;;;;;;;;;;
;https://www.paginasiete.bo/nacional/fejuve-de-el-alto-llama-a-quintana-persona-no-grata-CM4079343;;;;;;;;;;;;;;;;;;;;
;https://www.paginasiete.bo/nacional/MORALES-INSINUA-QUE-HIJO-DEl-presidente-arce-cometio-irregularidades-en-ypfb-BY4067461;;;;;;;;;;;;;;;;;;;;
;https://eldeber.com.bo/pais/EVO-Y-QUINTANA-desatan-la-guerra-interna-en-el-mas-y-provocan-furiosa-respuesta-altena_292177;;;;;;;;;;;;;;;;;;;;
;https://www.paginasiete.bo/nacional/plan-negro-EVO-EMBISTE-AL-EJECUTIVO-Y-SINDICA-AL-VICE-y-a-otras-15-personas-FX4055227;;;;;;;;;;;;;;;;;;;;
;https://www.paginasiete.bo/nacional/EL-MAS-PASA-A-UNA-GUERRA-DECLARADA-y-abierta-hasta-con-denuncias-y-amenazas-FE4035968;;;;;;;;;;;;;;;;;;;;
;https://www.paginasiete.bo/nacional/interculturales-dan-24-horas-al-diputado-arce-para-disculparse-por-calificar-a-su-organizacion-como-criminal-HD4014876;;;;;;;;;;;;;;;;;;;;
;https://www.paginasiete.bo/nacional/evo-dice-temerle-a-del-castillo-y-acusa-a-novillo-y-moldiz-de-gestar-un-plan-negro-en-su-contra-YF4043155;;;;;;;;;;;;;;;;;;;;
;https://www.paginasiete.bo/nacional/QUINTANA-ARREMETE-CONTRA-ARCE-en-que-gobierno-estamos-usaid-se-pasea-como-pedro-por-su-casa-FA4031474;;;;;;;;;;;;;;;;;;;;
;https://eldeber.com.bo/pais/evo-corrupcion-tambien-es-proteccion-al-narcotrafico-e-impunidad-por-volteos-de-droga_291826;;;;;;;;;;;;;;;;;;;;
;https://eldeber.com.bo/pais/EVO-morales-pierde-credibilidad-en-su-partido-y-sufre-tres-desmentidos-en-un-dia_291912;;;;;;;;;;;;;;;;;;;;
;https://www.paginasiete.bo/ideas/la-paz-de-los-rascacielos-LB5344519https://eldeber.com.bo/pais/fiscalia-reporta-mas-de-46000-CASOS-DE-VIOLENCIA-CONTRA-LA-MUJER-y-promueve-mesas-de-lucha-contra-es_305236 https://publico.bo/noticia/Dockweiler-afirma-que-alcalde-Arias-esta-vinculado-con-negocio-inmobiliario-y-advierte-con-juicio-penal/;Corrupción;;;;;;;;;;;;;;;;;;;
;https://eldeber.com.bo/pais/nuevo-comandante-del-ejercito-fue-sancionado-por-desfalco-y-evo-lo-acuso-de-liderar-el-grupo-pachajc_302443;;;;;;;;;;;;;;;;;;;;
;https://eldeber.com.bo/pais/bolsonaro-revela-que-exministro-lopez-esta-en-brasil_301814;;;;;;;;;;;;;;;;;;;;
;https://eldeber.com.bo/pais/murillo-se-declara-culpable-por-dos-delitos-en-eeuu-y-dice-que-es-un-perseguido-politico_301130;;;;;;;;;;;;;;;;;;;;
;https://www.paginasiete.bo/seguridad/indagan-a-jefe-policial-por-tener-relaciones-en-epi-YY4818045;;;;;;;;;;;;;;;;;;;;
;https://www.paginasiete.bo/seguridad/al-menos-29-personas-fueron-acribilladas-desde-enero-23-ligadas-al-narcotrafico-DX4642360;;;;;;;;;;;;;;;;;;;;
;https://eldeber.com.bo/edicion-impresa/fiscalia-amplia-delitos-a-nallar-pero-no-convoca-al-exjefe-de-inteligencia_300885;;;;;;;;;;;;;;;;;;;;
;https://www.paginasiete.bo/seguridad/oferto-cargos-a-nombre-del-expresidente-del-TCP-GI4587778;;;;;;;;;;;;;;;;;;;;
;https://www.paginasiete.bo/nacional/china-CHEC-confirma-irregularidades-en-caso-abc-y-destituye-a-su-gerente-en-bolivia-BE4600461;;;;;;;;;;;;;;;;;;;;
;https://www.paginasiete.bo/seguridad/lima-niega-patrocinio-infiel-en-caso-bcp-apunta-a-morales-por-retiro-de-informe-FX4635034;;;;;;;;;;;;;;;;;;;;
;https://www.paginasiete.bo/seguridad/denuncian-que-lima-molina-y-flores-hilaron-una-red-de-favores-de-alto-nivel-HE4655180;;;;;;;;;;;;;;;;;;;;
;https://www.paginasiete.bo/seguridad/audio-PRESIDENTE-de-la-MAGISTRATURA-COORDINA-CARGOS-JUDICIALES-CON-EL-MAS-GD4423796;;;;;;;;;;;;;;;;;;;;
;https://www.paginasiete.bo/opinion/columnistas/AJAM-medalla-de-oro-a-la-corrupcion-FA4640142;;;;;;;;;;;;;;;;;;;;
;https://www.paginasiete.bo/seguridad/en-la-AJAM-todo-es-negocio-todo-es-corrupcion-el-audio-atribuido-a-la-exdirectora-NB4650249;;;;;;;;;;;;;;;;;;;;
;https://www.paginasiete.bo/nacional/lima-apunta-a-tres-diputados-del-mas-por-pedir-pegas-NB4641953;;;;;;;;;;;;;;;;;;;;
;https://www.paginasiete.bo/sociedad/concejo-aprueba-construccion-de-edificios-sin-restriccion-en-10-sectores-de-la-paz-YK4194414;;;;;;;;;;;;;;;;;;;;
;https://eldeber.com.bo/pais/la-policia-pinta-y-matricula-avionetas-incautadas-a-narcos-ignorando-a-la-fab_293317;;;;;;;;;;;;;;;;;;;;
;https://www.paginasiete.bo/economia/directora-de-la-AJAM-dice-que-por-respeto-a-usos-y-costumbres-recibio-una-joya-de-oro-de-regalo-AA4471299;;;;;;;;;;;;;;;;;;;;
;https://www.paginasiete.bo/sociedad/denuncian-que-desde-la-carcel-quelali-acredita-centros-de-estudiantes-de-la-umsa-LH4485683;;;;;;;;;;;;;;;;;;;;
;https://www.paginasiete.bo/seguridad/tras-ser-sentenciado-a-8-anos-de-prision-characayo-fue-beneficiado-con-arresto-domiciliario-YJ4487436;;;;;;;;;;;;;;;;;;;;
;https://eldeber.com.bo/edicion-impresa/imputan-por-trafico-a-exjefe-de-felcn-que-ordeno-liberar-camion-con-11-t-de-quimicos_294331;;;;;;;;;;;;;;;;;;;;
;https://www.paginasiete.bo/seguridad/fiscalia-dice-que-no-tiene-indicio-contra-presidente-de-ABC-HA4345999;;;;;;;;;;;;;;;;;;;;
;https://eldeber.com.bo/pais/eeuu-investigo-a-murillo-por-dos-anos-ahora-confiscara-parte-del-dinero-que-lavo_294448;;;;;;;;;;;;;;;;;;;;
;https://www.paginasiete.bo/seguridad/nueve-policias-incluidos-jefes-estan-envueltos-en-asaltos-narco-y-violencia-CB4399026;;;;;;;;;;;;;;;;;;;;
;https://www.paginasiete.bo/seguridad/caso-abc-echan-a-comision-tecnica-y-apuntan-a-juridicos-JF4362308;;;;;;;;;;;;;;;;;;;;
;https://eldeber.com.bo/pais/obras-publicas-se-apersona-en-el-caso-coimas-de-la-ABC-y-no-aclara-si-es-querellante_294327;;;;;;;;;;;;;;;;;;;;
;https://eldeber.com.bo/pais/envian-a-la-carcel-a-dirigente-de-la-umsa-por-beneficiar-a-familiar_293791   las andanzas de Quelali;;;;;;;;;;;;;;;;;;;;
;https://www.paginasiete.bo/seguridad/denuncian-irregularidades-y-cobros-ilegales-en-grupo-de-la-fuerza-aerea-BD4225751;;;;;;;;;;;;;;;;;;;;
;https://www.paginasiete.bo/sociedad/advierten-5-riesgos-por-autorizacion-edil-para-edificios-de-hasta-40-pisos-en-la-paz-AF4214442;;;;;;;;;;;;;;;;;;;;
;https://eldeber.com.bo/edicion-impresa/PACHECO-ADMINISTRO-MAS-DE-BS-800-MILLONES-y-se-activa-una-auditoria_292999;;;;;;;;;;;;;;;;;;;;
;https://eldeber.com.bo/edicion-impresa/NINA-admite-que-conformo-la-comision-de-calificacion-que-opero-en-el-caso-coima_293534;;;;;;;;;;;;;;;;;;;;
;https://www.paginasiete.bo/seguridad/el-testigo-protegido-y-un-vocal-en-el-ojo-de-la-tormenta-por-el-caso-ABC-BC4242452;;;;;;;;;;;;;;;;;;;;
;https://eldeber.com.bo/pais/testigo-implica-al-presidente-de-la-abc-por-recibir-coima-el-gobierno-duda-de-la-version_293398;;;;;;;;;;;;;;;;;;;;
;https://eldeber.com.bo/pais/evo-afirma-que-si-la-corrupcion-por-las-coimas-en-abc-viene-de-arriba-no-se-toca-y-reta-a-lima-a-que_293352;;;;;;;;;;;;;;;;;;;;
;https://www.paginasiete.bo/seguridad/lima-destaca-colaboracion-de-nina-y-montano-en-indagacion-de-caso-coimas-JA4222812;;;;;;;;;;;;;;;;;;;;
;https://www.paginasiete.bo/seguridad/ABC-ven-lavado-de-dinero-y-el-mas-pide-las-cabezas-de-nina-y-montano-GJ4209901;;;;;;;;;;;;;;;;;;;;
;https://eldeber.com.bo/pais/evo-pese-a-intentos-de-proteccion-ahora-se-confirma-la-corrupcion-en-la-ABC_293214;;;;;;;;;;;;;;;;;;;;
;https://www.paginasiete.bo/seguridad/allanan-y-precintan-las-oficinas-de-la-china-HARBOUR-por-caso-ABC-YI4208265;;;;;;;;;;;;;;;;;;;;
;https://eldeber.com.bo/pais/el-abc-de-la-presunta-corrupcion-12-preguntas-para-entender-el-caso-coima_292471;;;;;;;;;;;;;;;;;;;;
;https://www.paginasiete.bo/economia/lima-admite-irregularidades-en-abc-e-investigan-cinco-contratos-de-evo-FK4194373;;;;;;;;;;;;;;;;;;;;
;https://eldeber.com.bo/pais/fiscalia-dice-que-zhengyuan-lavo-el-dinero-de-la-supuesta-coima-a-la-abc-y-lo-recaptura_293148;;;;;;;;;;;;;;;;;;;;
;https://eldeber.com.bo/pais/la-fiscalia-descubre-los-3-cheques-con-los-que-supuestamente-se-pago-la-coima-en-ABC_293047;;;;;;;;;;;;;;;;;;;;
;https://www.paginasiete.bo/nacional/hijo-de-evo-renuncia-al-cargo-para-que-no-lo-involucren-en-irregularidades-en-la-ABC-CI4208620;;;;;;;;;;;;;;;;;;;;
;https://eldeber.com.bo/pais/ABC-alberga-a-hijos-del-fiscal-general-y-de-evo_293147;;;;;;;;;;;;;;;;;;;;
;https://eldeber.com.bo/pais/solo-un-gerente-de-la-abc-de-la-paz-fue-destituido-por-14-denuncias-de-corrupcion_292544;;;;;;;;;;;;;;;;;;;;
;https://www.paginasiete.bo/economia/la-CHINA-CHEC-SE-ADJUDICO-OBRAS-POR-MAS-DE-US-3500-MILLONES-NF3979834;;;;;;;;;;;;;;;;;;;;
;https://www.paginasiete.bo/seguridad/testigo-protegido-es-de-abc-y-trato-de-extorsionarlo-revela-ciudadano-chino-GA4013866;;;;;;;;;;;;;;;;;;;;
;https://www.paginasiete.bo/nacional/gobierno-justifica-contrato-con-chec-y-tres-ministros-desmienten-a-morales-JF4016038;;;;;;;;;;;;;;;;;;;;
;https://www.paginasiete.bo/nacional/evo-hace-un-ano-dije-a-arce-hay-corrupcion-en-obras-publicas-CY3980703;;;;;;;;;;;;;;;;;;;;
;https://eldeber.com.bo/pais/denuncian-que-coima-fue-cobrada-por-el-presidente-de-abc-y-por-su-hermana_291695;;;;;;;;;;;;;;;;;;;;
;https://eldeber.com.bo/pais/estalla-la-pelea-entre-masistas-ahora-denuncian-que-evo-entrego-obras-a-la-misma-empresa-china_291509;;;;;;;;;;;;;;;;;;;;
;https://www.paginasiete.bo/nacional/diputado-del-mas-denuncia-por-corrupcion-al-presidente-de-la-ABC-IM3916129;;;;;;;;;;;;;;;;;;;;
;https://eldeber.com.bo/pais/caso-coimas-un-funcionario-que-aparece-en-la-foto-con-el-empresario-chino-fue-retirado-de-la-abc_292301;;;;;;;;;;;;;;;;;;;;
;https://eldeber.com.bo/pais/el-mas-y-oposicion-coinciden-en-que-montano-y-nina-deben-renunciar-por-el-caso-coima_292032;;;;;;;;;;;;;;;;;;;;
;https://eldeber.com.bo/edicion-impresa/un-70-de-las-viviendas-construidas-por-el-gobierno-estan-deshabitadas_292024;;;;;;;;;;;;;;;;;;;;
;https://www.paginasiete.bo/nacional/al-menos-cuatro-casos-revelan-la-forma-en-que-SE-EXPRIME-a-YPFB-MY3980583;;;;;;;;;;;;;;;;;;;;
;https://www.paginasiete.bo/nacional/en-la-gestion-de-arce-nepotismo-coimas-y-corrupcion-salpicaron-a-6-ministerios-GC4114679;;;;;;;;;;;;;;;;;;;;
;https://www.paginasiete.bo/sociedad/gobierno-ratifica-censo-para-el-2024-y-afirma-que-santa-cruz-presento-propuesta-incompleta-LX3909379;;;;;;;;;;;;;;;;;;;;
;https://eldeber.com.bo/pais/gobierno-recurre-a-seis-fuentes-de-financiamiento-para-encarar-la-crisis_291254;;;;;;;;;;;;;;;;;;;;
;;;;;;;;;;;;;;;;;;;;;
;https://eldeber.com.bo/pais/gobierno-le-pasa-a-evo-la-factura-de-la-crisis-y-nadie-habla-de-unidad_319339;Interna del MAS;;;;;;;;;;;;;;;;;;;
;https://eldeber.com.bo/pais/el-mas-se-une-y-aprueba-norma-para-preseleccion-de-candidatos-judiciales_319350;;;;;;;;;;;;;;;;;;;;
;https://www.paginasiete.bo/nacional/GarciaLinera-evo-y-luis-REUNANSE-pueden-ser-los-autores-de-la-victoria-o-de-la-derrota-del-mas-FJ6964986;;;;;;;;;;;;;;;;;;;;
;https://eldeber.com.bo/pais/evo-vuelve-a-la-carga-y-acusa-a-ministros-no-militantes-de-buscar-la-division-del-mas-y-de-aplicar-p_319313 ;;;;;;;;;;;;;;;;;;;;
;https://www.paginasiete.bo/nacional/evo-y-arce-protagonizan-duelo-verbal-y-profundizan-la-grieta-en-el-mas-EC6949226;;;;;;;;;;;;;;;;;;;;
;https://eldeber.com.bo/pais/masistas-quieren-ver-a-papa-evo-y-su-hijo-lucho-sentados-juntos-en-el-estadio-de-ivirgarzama_319114;;;;;;;;;;;;;;;;;;;;
;https://www.la-razon.com/opinion/2023/03/26/28-anos-del-mas-ipsp/;;;;;;;;;;;;;;;;;;;;
;https://www.paginasiete.bo/nacional/fuego-cruzado-entre-evistas-y-arcistas-a-horas-de-que-el-mas-celebre-28-anos-de-fundacion-BK6927355;;;;;;;;;;;;;;;;;;;;
;https://www.paginasiete.bo/seguridad/informe-uif-fiscalia-investiga-a-exministra-achacollo-por-movimientos-financieros-sospechosos-XI6857055;;;;;;;;;;;;;;;;;;;;
;https://www.paginasiete.bo/economia/jubileo-propone-reenfocar-subvencion-a-carburantes-porque-sin-suficiente-produccion-de-liquidos-la-medida-es-inviable-HE6879494 ;;;;;;;;;;;;;;;;;;;;
;https://www.paginasiete.bo/economia/firma-china-CHEC-enfrento-denuncias-en-otros-paises-y-con-su-casa-matriz-en-el-conflicto-china-eeuu-CY6908260;;;;;;;;;;;;;;;;;;;;
;https://eldeber.com.bo/edicion-impresa/caso-fondioc-sigue-sin-resolver-y-acusan-a-querellante-por-caceria_318752;;;;;;;;;;;;;;;;;;;;
;https://eldeber.com.bo/dinero/onu-arce-plantea-por-tercera-vez-la-condonacion-de-deuda-externa_318746;;;;;;;;;;;;;;;;;;;;
;https://www.paginasiete.bo/nacional/desde-2022-evistas-y-arcistas-cruzaron-denuncias-en-al-menos-17-ocasiones-YN6861032;;;;;;;;;;;;;;;;;;;;
;https://eldeber.com.bo/pais/HERMANO-LUCHO-NO-ESTAMOS-TAN-BIEN-ECONOMICAMENTE-EVO-Y-LUIS-ARCE-ESTRECHAN-LAS-MANOS-SENAL-DE-UNIDAD_318204;;;;;;;;;;;;;;;;;;;;
;https://www.paginasiete.bo/economia/dirigentes-reelectos-borda-y-vasquez-recibieron-de-ypfb-casi-bs-1-mm-cada-uno-sin-trabajar-JH6832487;;;;;;;;;;;;;;;;;;;;
;https://eldeber.com.bo/pais/diputado-arce-declarara-en-la-paz-y-se-cae-su-detencion-por-impedimento-constitucional_317986;;;;;;;;;;;;;;;;;;;;
;https://eldeber.com.bo/pais/loza-pide-garantias-para-el-evo-y-andronico-asegura-que-la-policia-les-hace-seguimiento-y-que-teme-q_317992;;;;;;;;;;;;;;;;;;;;
;https://www.paginasiete.bo/nacional/la-pelea-entre-masistas-DIVIDE-A-LAS-BARTOLINAS-el-CONAMAQ-y-LA-CSUTCB-BX6819982;;;;;;;;;;;;;;;;;;;;
;https://eldeber.com.bo/pais/un-encuentro-del-mas-en-santa-cruz-termina-en-violentos-enfrentamientos_317314;;;;;;;;;;;;;;;;;;;;
;https://eldeber.com.bo/pais/arce-debe-resolver-el-conflicto-politico-para-ajustar-la-economia-opinan-expertos_317378;;;;;;;;;;;;;;;;;;;;
;https://www.paginasiete.bo/nacional/exministra-montano-sale-en-defensa-de-garcia-linera-tras-arremetida-evista-MX6734394;;;;;;;;;;;;;;;;;;;;
;https://www.paginasiete.bo/opinion/columnistas/la-entrevista-fantastica-por-no-decir-fantasiosa-de-garcia-linera-sobre-el-golpe-de-estado-ND6720942 ;;;;;;;;;;;;;;;;;;;;
;https://www.paginasiete.bo/nacional/la-DIVISION-DEL-MAS-LLEGA-A-LA-CSUTCB-critican-a-rojas-por-prorrogarse-y-esperan-comicios-YL6728890;;;;;;;;;;;;;;;;;;;;
;https://www.paginasiete.bo/nacional/evo-es-un-error-pensar-que-el-movimiento-indigena-solo-esta-en-el-pacto-de-unidad-hay-que-empezar-a-corregir-KN6719185;;;;;;;;;;;;;;;;;;;;
;https://www.paginasiete.bo/nacional/evistas-presionan-a-arce-con-protestas-sociales-al-menos-desde-tres-flancos-NM6718294;;;;;;;;;;;;;;;;;;;;
;https://www.paginasiete.bo/nacional/mas-sobre-dichos-de-garcia-linera-de-repente-por-la-edad-ya-estamos-mayores-nos-podemos-equivocar-XH6696202;;;;;;;;;;;;;;;;;;;;
;https://www.paginasiete.bo/nacional/organizaciones-de-potosi-salen-en-defensa-de-luis-arce-y-desconocen-a-grupos-de-evistas-violentos-LF6698793;;;;;;;;;;;;;;;;;;;;
;https://www.paginasiete.bo/nacional/potosi-en-tension-con-huelgas-desalojo-de-comcipo-y-peleas-entre-masistas-YD6702551;;;;;;;;;;;;;;;;;;;;
;https://eldeber.com.bo/pais/tres-evistas-a-prision-por-golpiza-a-diputado_316981;;;;;;;;;;;;;;;;;;;;
;https://eldeber.com.bo/pais/el-mas-da-un-ultimatum-a-arce-y-aprueban-creditos-en-comisiones-del-legislativo_316980;;;;;;;;;;;;;;;;;;;;
;https://www.paginasiete.bo/nacional/ala-evista-pone-6-condiciones-a-arce-tras-su-llamado-de-unidad-entre-ellas-que-aleje-a-los-guerreros-digitales-JG6697658;;;;;;;;;;;;;;;;;;;;
;https://eldeber.com.bo/pais/la-crisis-del-mas-perjudica-la-aprobacion-de-unos-100-proyectos-en-el-legislativo_316848;;;;;;;;;;;;;;;;;;;;
;https://eldeber.com.bo/pais/el-alto-congela-al-bando-radical-del-mas-y-muestra-esperanza-en-la-renovacion_316479;;;;;;;;;;;;;;;;;;;;
;https://eldeber.com.bo/pais/garcia-linera-evo-si-y-lucho-no-porque-no-es-indigena-david-es-una-opcion_316484;;;;;;;;;;;;;;;;;;;;
;https://eldeber.com.bo/economia/lima-califica-como-rumores-denuncias-sobre-lobby-de-exautoridades-del-mas-para-empresa-china_316459;;;;;;;;;;;;;;;;;;;;
;https://www.paginasiete.bo/economia/HUANACUNI-Y-SU-ESPOSA-APARECEN-en-planillas-de-reuniones-con-ylb-COMO-REPRESENTANTES-DE-EMPRESA-CHINA-FY6625007;;;;;;;;;;;;;;;;;;;;
;https://www.paginasiete.bo/nacional/garcia-linera-pugna-evo-arce-puso-al-proceso-de-cambio-en-peligro-de-destruccion-KD6555378;;;;;;;;;;;;;;;;;;;;
;https://www.paginasiete.bo/nacional/evo-dice-que-las-federaciones-del-tropico-tienen-mucho-patrimonio-y-llama-a-cuidarlas-AE6521031;;;;;;;;;;;;;;;;;;;;
;https://www.paginasiete.bo/nacional/loza-dice-que-el-tropico-apenas-esta-sobreviviendo-sin-obras-y-acusa-al-gobierno-por-chantajes-AJ6487525;;;;;;;;;;;;;;;;;;;;
;https://www.paginasiete.bo/nacional/choquehuanca-pide-dejar-las-peleas-internas-y-luchar-contra-el-colonialismo-EI6479327;;;;;;;;;;;;;;;;;;;;
;https://www.paginasiete.bo/economia/INRA-dice-que-el-saneamiento-de-tierras-llego-a-91-pero-la-fundacion-tierra-ve-inconsistencias-FX6437698;;;;;;;;;;;;;;;;;;;;
;https://www.paginasiete.bo/economia/gobierno-pide-a-la-asamblea-aprobar-6-contratos-de-credito-por-us-7713-MM-AN6429929;;;;;;;;;;;;;;;;;;;;
;https://www.paginasiete.bo/nacional/con-obras-arce-se-arropa-en-oruro-el-otro-bastion-de-evo-YB6355537   ;;;;;;;;;;;;;;;;;;;;
;https://eldeber.com.bo/pais/evo-critica-al-comite-civico-y-le-recuerdan-que-hay-dirigentes-eternos-en-el-mas_313849;;;;;;;;;;;;;;;;;;;;
;https://www.paginasiete.bo/nacional/ley-del-ORO-CC-Y-EVISTAS-encienden-las-alarmas-por-venta-del-metal-en-el-exterior-AB6300929;;;;;;;;;;;;;;;;;;;;
;https://www.paginasiete.bo/nacional/evo-dice-que-algunos-dirigentes-cuotearon-con-anez-NM6295197;;;;;;;;;;;;;;;;;;;;
;https://eldeber.com.bo/pais/exviceministro-dice-que-ocultan-informacion-en-el-caso-golpe-i_313607;;;;;;;;;;;;;;;;;;;;
;https://eldeber.com.bo/pais/un-sector-del-mas-va-por-la-reeleccion-de-arce-y-descarta-a-evo_313615;;;;;;;;;;;;;;;;;;;;
;https://www.paginasiete.bo/nacional/cual-es-el-peso-real-de-luis-arce-en-el-MAS-evistas-dicen-que-ellos-son-la-verdadera-base-XD6261437;;;;;;;;;;;;;;;;;;;;
;https://eldeber.com.bo/edicion-impresa/escala-la-tension-en-el-mas-ahora-alertan-de-un-plan-para-eliminar-a-evo-morales_313295;;;;;;;;;;;;;;;;;;;;
;https://www.paginasiete.bo/nacional/que-vayan-a-cocinar-evo-dice-que-funcionarios-no-pueden-decidir-en-ampliados-CY6562422;;;;;;;;;;;;;;;;;;;;
;https://www.paginasiete.bo/nacional/evo-ataca-al-gobierno-por-guerreros-digitales-que-el-creo-FE6565564;;;;;;;;;;;;;;;;;;;;
;https://www.paginasiete.bo/nacionaL/EVO-REVELA-QUE-ARMA-PLAN-2025-CON-MILITARES-Y-POLICIAS-pasivos-y-activos-ML6481824;;;;;;;;;;;;;;;;;;;;
;https://www.paginasiete.bo/nacional/EVISTAS-DICEN-QUE-LA-ESTABILIDAD-ECONOMICA-ES-GRACIAS-A-EVO-Y-NO-A-ARCE-que-se-ha-aplazado-KB6470851;;;;;;;;;;;;;;;;;;;;
;https://www.paginasiete.bo/nacional/evo-es-candidato-del-bicentenario-anoten-traidores-en-su-calendario-evistas-les-dedican-coplas-a-arcistas-HD6432832;;;;;;;;;;;;;;;;;;;;
;https://www.paginasiete.bo/nacional/hijo-de-arce-almacenero-becario-estatal-y-acusado-de-negociar-el-litio-FF6474623;;;;;;;;;;;;;;;;;;;;
;https://eldeber.com.bo/pais/renovadores-del-mas-piden-que-se-investigue-a-los-hijos-de-evo-morales_314825 ;;;;;;;;;;;;;;;;;;;;
;https://eldeber.com.bo/pais/cinco-denuncias-golpean-al-hijo-de-arce-y-piden-a-lanchipa-activar-pesquisa_315032;;;;;;;;;;;;;;;;;;;;
;https://www.paginasiete.bo/nacional/BARTOLINAS-APOYAN-INVESTIGACION-CONTRA-EL-HIJO-DE-ARCE-CA6424499;;;;;;;;;;;;;;;;;;;;
;https://www.paginasiete.bo/nacional/la-guerra-del-mas-sube-de-nivel-y-toca-al-hijo-del-presidente-luis-arce-FB6416744;;;;;;;;;;;;;;;;;;;;
;https://www.paginasiete.bo/nacional/evo-pide-resistir-persecucion-de-ministros-y-evistas-descartan-reconciliacion-con-renovadores-NH6393186;;;;;;;;;;;;;;;;;;;;
;https://www.paginasiete.bo/nacional/diputado-identifica-que-funcionarios-de-tres-ministerios-sabotean-a-arce-y-hacen-campana-por-evo-JI6390784;;;;;;;;;;;;;;;;;;;;
;https://www.paginasiete.bo/nacional/ESTACAZO-AL-MAS-ARCE-COMIENZA-CAMPANA-y-evistas-dicen-que-es-una-falta-de-respeto-CC6352721;;;;;;;;;;;;;;;;;;;;
;https://eldeber.com.bo/pais/EVO-PREPARA-UN-PLAN-ECONOMICO-PARA-AYUDAR-AL-GOBIERNO-y-ve-subvenciones-exageradas_314330;;;;;;;;;;;;;;;;;;;;
;https://www.paginasiete.bo/nacional/purga-del-mas-comienza-con-espionaje-y-despidos-a-los-funcionarios-evistas-JY6375975;;;;;;;;;;;;;;;;;;;;
;https://www.la-razon.com/nacional/2023/02/09/el-mas-rechaza-pedido-de-revocar-a-arce-pero-le-piden-no-dividir-al-pacto-de-unidad-ni-al-partido /;;;;;;;;;;;;;;;;;;;;
;https://eldeber.com.bo/pais/renovadores-dicen-que-evo-pidio-cuestionar-a-arce-morales-admite-las-recomendaciones_313431;;;;;;;;;;;;;;;;;;;;
;https://www.paginasiete.bo/nacional/lima-revela-la-muerte-del-testigo-protegido-del-caso-ABC-y-dice-que-aparecio-la-coima-millonaria-AJ6830332;;;;;;;;;;;;;;;;;;;;
;https://eldeber.com.bo/economia/en-gestion-de-evo-dos-firmas-concentraron-importacion-de-combustibles-en-bolivia_315379;;;;;;;;;;;;;;;;;;;;
;https://hparlante.wixsite.com/digital-media/single-post/2020/02/28/el-regreso-de-walter-ch%C3%A1vez;;;;;;;;;;;;;;;;;;;;
;https://eldeber.com.bo/pais/surgen-FISURAS-EN-EL-PACTO-DE-UNIDAD-las-bartolinas-piden-respeto-para-evo-morales_313134;;;;;;;;;;;;;;;;;;;;
;https://www.paginasiete.bo/nacional/ARCISMO-RECURRE-AL-TCP-PARA-ANULAR-EL-LIDERAZGO-DE-EVO-y-los-aportes-al-mas-GM6248549;;;;;;;;;;;;;;;;;;;;
;https://eldeber.com.bo/edicion-impresa/estalla-otra-pelea-en-el-mas-esta-vez-por-una-pregunta-de-evo-para-revocar-a-arce_313150;;;;;;;;;;;;;;;;;;;;
;https://www.la-razon.com/nacional/2023/02/01/desde-2022-al-menos-siete-hechos-ahondaron-la-crisis-interna-en-el-mas/;;;;;;;;;;;;;;;;;;;;
;https://www.paginasiete.bo/nacional/evo-dice-que-el-estatuto-del-mas-es-legal-y-advierte-a-arcistas-que-el-oportunismo-la-traicion-y-division-no-pasaran-HD6243119;;;;;;;;;;;;;;;;;;;;
;https://www.paginasiete.bo/nacional/dirigentes-del-norte-de-la-paz-del-mas-increpan-y-amenazan-con-chicotear-a-un-diputado-evista-HE6226867;;;;;;;;;;;;;;;;;;;;
;https://eldeber.com.bo/edicion-impresa/el-ALA-EVISTA-FESTEJA-VIGENCIA-DE-LA-REELECCION-INDEFINIDA-y-hay-criticas_312880;;;;;;;;;;;;;;;;;;;;
;https://www.paginasiete.bo/nacional/gobierno-de-evo-firmo-acuerdo-para-no-enjuiciar-a-ejecutivos-de-QUIBORAX-LD6234951;;;;;;;;;;;;;;;;;;;;
;https://www.paginasiete.bo/nacional/evistas-denuncian-maniobra-de-arcistas-para-blindar-a-los-ministros-censurados-GX6189091;;;;;;;;;;;;;;;;;;;;
;https://www.paginasiete.bo/nacional/SIN-EXTRANAR-A-EVO-ARCE-Y-CHOQUEHUANCA-SON-ARROPADOS-POR-LAS-ORGANIZACIONES-AD6115211;;;;;;;;;;;;;;;;;;;;
;https://eldeber.com.bo/edicion-impresa/Arce-reivindica-el-estado-plurinacional-y-se-refugia-en-sus-logros-economicos_312003;;;;;;;;;;;;;;;;;;;;
;https://eldeber.com.bo/pais/luis-fernando-Camacho-oportunistas-y-vendidos-al-masismo-trataron-de-despojarme-del-cargo_311916;;;;;;;;;;;;;;;;;;;;
;https://eldeber.com.bo/pais/la-corrupcion-y-la-division-del-mas-agotaron-el-estado-plurinacional_311913;;;;;;;;;;;;;;;;;;;;
;https://www.paginasiete.bo/nacional/evo-se-va-a-argentina-por-una-america-plurinacional-y-dice-que-los-renovadores-quieren-eliminar-al-mas-XM6097770;;;;;;;;;;;;;;;;;;;;
;https://www.paginasiete.bo/nacional/gobierno-invita-a-evo-a-los-actos-por-dia-del-estado-plurinacional-horas-antes-de-que-se-vaya-a-argentina-FX6099711;;;;;;;;;;;;;;;;;;;;
;https://www.paginasiete.bo/nacional/ala-evista-denuncia-que-funcionarios-publicos-son-obligados-a-ir-a-los-festejos-por-el-dia-del-estado-plurinacional-HB6102823;;;;;;;;;;;;;;;;;;;;
;https://www.la-razon.com/nacional/2023/01/18/se-ahonda-la-division-en-el-mas-morales-apunta-a-tres-ministros-y-dejan-en-manos-de-direccion-del-partido-la-expulsion-de-arce/;;;;;;;;;;;;;;;;;;;;
;https://eldeber.com.bo/pais/EVALUARAN-EXPULSION-DEL-PRESIDENTE-ARCE-DE-LAS-FILAS-DEL-MAS-y-legisladores-que-apoyaron-la-ley-del-_311531;;;;;;;;;;;;;;;;;;;;
;https://eldeber.com.bo/pais/EVA-COPA-EL-PROCESO-DE-CAMBIO-NO-ES-PROPIEDAD-DEL-MAS_311565;;;;;;;;;;;;;;;;;;;;
;https://www.paginasiete.bo/nacional/ARCE-Y-ANDRONICO-DESPLAZAN-A-EVO-en-la-preferencia-del-MAS-YX6022717;;;;;;;;;;;;;;;;;;;;
;https://www.la-razon.com/nacional/2023/01/14/el-ampliado-del-MAS-decide-expulsar-a-seis-diputados-traidores-por-aprobar-la-ley-del-censo/;;;;;;;;;;;;;;;;;;;;
;https://www.la-razon.com/nacional/2023/01/13/asambleistas-del-mas-son-agredidos-y-cercados-por-grupos-violentos-en-la-asamblea-departamental-crucena/;;;;;;;;;;;;;;;;;;;;
;https://www.paginasiete.bo/seguridad/SENALAN-A-DEL-CASTILLO-POR-ENCUBRIR-A-POLICIAS-IMPLICADOS-EN-EL-CASO-NALLAR-NB5993708;;;;;;;;;;;;;;;;;;;;
;https://eldeber.com.bo/pais/ROMERO-DICE-QUE-EL-CASO-CAMACHO-ES-UN-SHOW-y-que-desaparecieron-expedientes-de-narcos-en-quema-de-la_310110;;;;;;;;;;;;;;;;;;;;
;https://www.la-razon.com/contenido-de-marca/2023/03/25/uranium-one-group-2/;Economía;;;;;;;;;;;;;;;;;;;
;https://www.la-razon.com/voces/2023/03/23/la-mision-de-laura-richardson/   ;;;;;;;;;;;;;;;;;;;;
;https://www.paginasiete.bo/economia/clientes-denuncian-dificultades-para-hacer-transferencias-a-cuentas-en-el-exterior-y-otras-operaciones-con-dolares-DD6959599;;;;;;;;;;;;;;;;;;;;
;https://www.paginasiete.bo/nacional/por-su-mala-ubicacion-y-planificacion-al-menos-8-estatales-operan-con-dificultad-GK6950800;;;;;;;;;;;;;;;;;;;;
;https://eldeber.com.bo/edicion-impresa/tras-fin-de-bonanza-se-cuadruplico-el-uso-de-credito-externo-en-el-pge_319192;;;;;;;;;;;;;;;;;;;;
;https://www.paginasiete.bo/economia/dos-empresas-de-china-una-de-rusia-y-otra-de-eeuu-buscan-aun-participar-en-el-negocio-del-litio-segun-ylb-JH6876931;;;;;;;;;;;;;;;;;;;;
;https://www.la-razon.com/economia/2023/03/19/se-preve-recuperar-hasta-en-5-anos-la-inversion-por-la-exportacion-de-electricidad-a-argentina/;;;;;;;;;;;;;;;;;;;;
;https://www.la-razon.com/economia/2023/03/19/remesas-desde-chile-en-una-decada-el-flujo-de-dinero-crecio-en-3305/;;;;;;;;;;;;;;;;;;;;
;https://www.la-razon.com/economia/2023/03/16/BOLIVIA-PREVE-SER-EL-PRINCIPAL-PROVEEDOR-DE-ELECTRICIDAD-A-BRASIL ;;;;;;;;;;;;;;;;;;;;
;https://eldeber.com.bo/pais/diputados-aprueban-dos-de-seis-contratos-de-prestamos-en-acalorada-sesion_317823;;;;;;;;;;;;;;;;;;;;
;https://eldeber.com.bo/edicion-impresa/ministro-montenegro-espera-que-los-dolares-de-las-exportaciones-retornen-al-pais_317991;;;;;;;;;;;;;;;;;;;;
;https://www.paginasiete.bo/economia/el-dolar-se-cotiza-en-la-calle-por-encima-de-los-bs-7-y-el-bcb-asegura-que-mercado-cambiario-se-regula-NB6715249;;;;;;;;;;;;;;;;;;;;
;https://eldeber.com.bo/edicion-impresa/crece-casi-un-79-el-riesgo-pais-de-bolivia-y-complica-el-acceso-a-creditos-externos_317856;;;;;;;;;;;;;;;;;;;;
;https://eldeber.com.bo/pais/bolivia-inicia-exportacion-de-120-megavatios-de-energia-electrica-a-argentina_317682;;;;;;;;;;;;;;;;;;;;
;https://eldeber.com.bo/dinero/gobierno-dice-que-fitch-no-considera-el-contexto-externo-luego-de-que-bajo-calificacion-del-pais-a-b_317667;;;;;;;;;;;;;;;;;;;;
;https://eldeber.com.bo/pais/EEUU-se-queja-por-la-actividad-maligna-de-sus-adversarios-en-el-triangulo-litio-compuesto-por-bolivi_317261;;;;;;;;;;;;;;;;;;;;
;https://www.paginasiete.bo/economia/denuncian-nueva-paralizacion-de-la-planta-de-urea-experto-dice-que-afecta-a-la-factoria-y-a-los-mercados-IC6730318;;;;;;;;;;;;;;;;;;;;
;https://www.paginasiete.bo/economia/Fitch-ratings-BAJA-CALIFICACION-DE-RIESGO-DE-BOLIVIA-A-B-por-agotamiento-de-sus-reservas-de-liquidez-externa-JK6783847;;;;;;;;;;;;;;;;;;;;
;https://www.la-razon.com/economia/2023/03/16/STANDARD-POORS-RATIFICA-LA-CALIFICACION-B-DE-BOLIVIA/ ;;;;;;;;;;;;;;;;;;;;
;https://www.paginasiete.bo/gente/quinua-de-la-bonanza-a-la-adversidad-DL6728005;;;;;;;;;;;;;;;;;;;;
;https://eldeber.com.bo/economia/mineros-auriferos-firman-un-pacto-de-unidad-y-exigen-la-suspension-del-tratamiento-de-la-ley-del-oro_317219;;;;;;;;;;;;;;;;;;;;
;https://www.paginasiete.bo/economia/cc-advierte-deficit-de-mas-de-bs-300-millones-en-envibol-y-sugiere-su-cierre-FM6718777;;;;;;;;;;;;;;;;;;;;
;https://www.la-razon.com/economia/2023/03/09/el-bcb-asigno-us-93-millones-para-que-bancos-y-casas-de-cambio-vendan-dolares-al-detalle/;;;;;;;;;;;;;;;;;;;;
;https://eldeber.com.bo/economia/expertos-ven-que-el-boliviano-sigue-estable-por-baja-inflacion-y-piden-al-gobierno-dar-senales-para-_316916;;;;;;;;;;;;;;;;;;;;
;https://www.paginasiete.bo/economia/madrugaron-por-dolares-el-bcb-no-vendera-2-veces-a-la-misma-persona-y-bancos-privados-limitan-la-cantidad-EE6701042;;;;;;;;;;;;;;;;;;;;
;https://eldeber.com.bo/edicion-impresa/dolares-del-bcb-no-llegan-a-santa-cruz-y-el-tipo-de-cambio-no-oficial-se-ubica-en-bs-710_316853;;;;;;;;;;;;;;;;;;;;
;https://www.paginasiete.bo/economia/arce-da-inicio-al-proyecto-de-la-planta-biodiesel-ii-en-senkata-se-invertiran-us-40-millones-GC6664383;;;;;;;;;;;;;;;;;;;;
;https://www.la-razon.com/economia/2023/03/06/el-bcb-vendera-dolares-directamente-a-la-poblacion-y-al-tipo-de-cambio-oficial/;;;;;;;;;;;;;;;;;;;;
;https://eldeber.com.bo/dinero/combustibles-en-2022-aumentaron-los-premios-pagados-a-intermediarios-de-importacion_316449;;;;;;;;;;;;;;;;;;;;
;https://eldeber.com.bo/edicion-impresa/mas-de-us-5000-millones-de-las-reservas-internacionales-se-usaron-para-pagar-deuda-externa_316489;;;;;;;;;;;;;;;;;;;;
;https://www.paginasiete.bo/economia/comercializacion-de-diesel-subio-a-mas-de-6-millones-de-litros-dia-y-de-gasolina-a-59-millones-MK6581196;;;;;;;;;;;;;;;;;;;;
;https://eldeber.com.bo/edicion-impresa/ASFI-dice-que-las-tasas-reguladas-subieron-utilidades-de-los-bancos_315892;;;;;;;;;;;;;;;;;;;;
;https://www.paginasiete.bo/economia/el-SERVICIO-DE-LA-DEUDA-LLEGA-A-MAS-DE-US-800-MM-GI6569118;;;;;;;;;;;;;;;;;;;;
;https://www.paginasiete.bo/opinion/columnistas/mi-propuesta-IC6567956    ;;;;;;;;;;;;;;;;;;;;
;https://www.paginasiete.bo/economia/en-2021-y-2022-se-contrataron-nuevos-creditos-por-2408-millones-de-dolares-NI6569078;;;;;;;;;;;;;;;;;;;;
;https://eldeber.com.bo/edicion-impresa/la-gravedad-de-las-inundaciones-crece-a-la-par-de-la-deforestacion_315682;;;;;;;;;;;;;;;;;;;;
;https://eldeber.com.bo/economia/sepa-cuales-son-los-paises-que-mas-aportan-a-las-remesas-que-llegan-a-bolivia-y-que-departamento-se-_315481;;;;;;;;;;;;;;;;;;;;
;https://eldeber.com.bo/edicion-impresa/por-segundo-ano-ypfb-ejecuta-poco-mas-de-la-mitad-de-su-presupuesto_315491;;;;;;;;;;;;;;;;;;;;
;https://www.paginasiete.bo/economia/el-PGE-2023-bate-record-en-gastos-corrientes-que-suben-a-BS-144485-MM-LC6523094;;;;;;;;;;;;;;;;;;;;
;https://eldeber.com.bo/edicion-impresa/calculan-para-2023-un-gasto-extra-de-us-3400-millones-debido-al-deficit_315225;;;;;;;;;;;;;;;;;;;;
;https://eldeber.com.bo/edicion-impresa/los-ingresos-netos-de-las-reservas-internacionales-cayeron-hasta-un-35-en-los-ultimos-ocho-anos_314977;;;;;;;;;;;;;;;;;;;;
;https://www.paginasiete.bo/economia/el-gobierno-dice-que-los-nuevos-creditos-iran-a-inversion-productiva-analistas-piden-fiscalizacion-AE6446031;;;;;;;;;;;;;;;;;;;;
;https://www.paginasiete.bo/economia/ante-la-caida-de-las-RIN-piden-bajar-el-gasto-eliminar-el-itf-y-atraer-inversion-HA6471595;;;;;;;;;;;;;;;;;;;;
;https://eldeber.com.bo/edicion-impresa/santa-cruz-sube-demanda-de-dolares-en-casas-de-cambio-ante-escasez-de-esas-divisas_314469;;;;;;;;;;;;;;;;;;;;
;https://www.la-razon.com/economia/2023/02/15/depositos-de-la-banca-crecieron-en-61-y-los-creditos-77-en-2022/;;;;;;;;;;;;;;;;;;;;
;https://www.la-razon.com/portadas/tapa-de-la-razon-del-lunes-13-de-febrero-de-2023/    ;;;;;;;;;;;;;;;;;;;;
;https://www.paginasiete.bo/economia/estiman-que-de-3-mil-millones-de-oro-exportado-las-regalias-apenas-suman-us-70-millones-KL6397862;;;;;;;;;;;;;;;;;;;;
;https://www.paginasiete.bo/economia/BCB-con-la-ley-del-oro-las-rin-estarian-en-us-5100-millones-HH6382944;;;;;;;;;;;;;;;;;;;;
;https://eldeber.com.bo/economia/la-subasta-electronica-se-amplia-este-ano-a-carreteras-plantas-industriales-y-otras-grandes-obras-pu_314223;;;;;;;;;;;;;;;;;;;;
;https://eldeber.com.bo/edicion-impresa/en-bolivia-el-contrabando-representa-us-3000-millones-y-comisos-de-la-aduana-us-106-millones_312354;;;;;;;;;;;;;;;;;;;;
;https://www.la-razon.com/economia/2023/02/08/ley-del-ORO-sigue-en-debate-en-11-anos-ya-se-exporto-372-t-del-metal/;;;;;;;;;;;;;;;;;;;;
;https://eldeber.com.bo/pais/gobierno-impulsa-cuatro-medidas-economicas-para-intentar-contener-la-crisis_313866  ;;;;;;;;;;;;;;;;;;;;
;https://www.paginasiete.bo/seguridad/al-menos-bs-7-mm-de-lo-recaudado-por-vidrios-polarizados-iran-a-seguridad-ciudadana-GC6307679;;;;;;;;;;;;;;;;;;;;
;https://www.la-razon.com/economia/2023/02/06/se-espera-credito-de-us-422-mm-para-refinadoras/;;;;;;;;;;;;;;;;;;;;
;https://www.la-razon.com/economia/2023/01/27/en-la-exportacion-de-zinc-bolivia-regala-us-1-200-millones-en-subproductos/  ;;;;;;;;;;;;;;;;;;;;
;https://eldeber.com.bo/economia/EXPORTACIONES-DE-ALIMENTOS-NUTREN-CON-US-7139-MILLONES-AL-ESTADO_313608;;;;;;;;;;;;;;;;;;;;
;https://www.paginasiete.bo/economia/espinoza-buscan-permiso-automatico-para-la-monetizacion-del-oro-XX6275514;;;;;;;;;;;;;;;;;;;;
;https://www.la-razon.com/energias-negocios/2023/01/27/bolivia-apunta-a-una-renta-del-litio-de-us-5-000-millones-anuales-en-el-corto-plazo/;;;;;;;;;;;;;;;;;;;;
;https://www.la-razon.com/economia/2023/01/31/la-ejecucion-de-la-inversion-publica-alcanzo-los-us-2-634-millones-en-2022/;;;;;;;;;;;;;;;;;;;;
;https://www.paginasiete.bo/economia/en-2022-bolivia-importo-por-dia-118-millones-de-dolares-en-combustibles-DY6247050;;;;;;;;;;;;;;;;;;;;
;https://www.paginasiete.bo/opinion/editorial/desesperada-medida-de-vender-oro-LC6271827;;;;;;;;;;;;;;;;;;;;
;https://www.paginasiete.bo/economia/EXPORTACION-DE-MINERALES-LLEGO-A-US-6358-MILLONES-DD6207665;;;;;;;;;;;;;;;;;;;;
;https://www.paginasiete.bo/economia/las-reservas-en-divisas-cayeron-en-us-1684-mm-y-el-bcb-habla-de-estabilidad-FD6216135;;;;;;;;;;;;;;;;;;;;
;https://www.paginasiete.bo/economia/cinco-ministerios-con-inversion-publica-ejecutaron-menos-del-50-de-recursos-YC6206089;;;;;;;;;;;;;;;;;;;;
;https://eldeber.com.bo/economia/la-importacion-de-combustibles-llega-a-us-4071-millones-un-41-fue-subsidiado-por-el-estado_312592;;;;;;;;;;;;;;;;;;;;
;https://eldeber.com.bo/edicion-impresa/ministro-de-hidrocarburos-esperamos-superar-los-us-5000-millones-en-ingresos-hasta-2024-o-2025_312351  ;;;;;;;;;;;;;;;;;;;;
; https://eldeber.com.bo/edicion-impresa/el-contrabando-representa-us-3000-millones-y-comisos-de-la-aduana-us-106-millones_312354;;;;;;;;;;;;;;;;;;;;
;https://www.paginasiete.bo/opinion/columnistas/el-negocio-del-litio-en-bolivia-MX6132428;;;;;;;;;;;;;;;;;;;;
;https://www.paginasiete.bo/economia/mayor-interes-y-baja-calificacion-del-pais-colapsan-el-precio-de-los-bonos-NF6135935;;;;;;;;;;;;;;;;;;;;
;https://www.la-razon.com/energias-negocios/2023/01/20/la-castana-marco-cifra-record-en-2022/;;;;;;;;;;;;;;;;;;;;
;https://www.la-razon.com/energias-negocios/2023/01/20/exportaciones-oleaginosas-como-la-soya-incrementaron-2022/;;;;;;;;;;;;;;;;;;;;
;https://www.paginasiete.bo/nacional/la-subsidiaria-de-ypfb-perdio-us-32-millones-HD6115889;;;;;;;;;;;;;;;;;;;;
;https://eldeber.com.bo/economia/anuncian-inversion-de-bs-1660-millones-para-produccion-y-acopio-de-insumos-para-diesel-ecologico_311951;;;;;;;;;;;;;;;;;;;;
;https://eldeber.com.bo/economia/CHINA-IDENTIFICA-dos-primeras-necesidades-para-impulsar-LA-INDUSTRIALIZACION-DEL-LITIO_311882;;;;;;;;;;;;;;;;;;;;
;https://eldeber.com.bo/edicion-impresa/agroindustria-puede-generar-us-8500-millones-en-ventas-externas_311814;;;;;;;;;;;;;;;;;;;;
;https://eldeber.com.bo/edicion-impresa/precio-de-granos-suelos-fertiles-y-lluvias-propician-expansion-de-la-frontera-agricola-en-la-CHIQUIT_311811;;;;;;;;;;;;;;;;;;;;
;https://eldeber.com.bo/economia/bolivia-elige-a-lider-mundial-en-mercado-de-baterias-como-socio-para-la-explotacion-de-los-salares-d_311759;;;;;;;;;;;;;;;;;;;;
;https://eldeber.com.bo/edicion-impresa/el-mas-no-cohesiona-y-descartan-expulsar-a-arce-y-choquehuanca_311712;;;;;;;;;;;;;;;;;;;;
;https://www.paginasiete.bo/economia/firma-invirtio-us-37-mm-en-enorme-mina-potosina-y-puede-generar-100-veces-mas-LK6059629;;;;;;;;;;;;;;;;;;;;
;https://www.paginasiete.bo/nacional/el-505-desaprueba-a-arce-y-el-519-cree-que-bolivia-va-mal-JX6033946;;;;;;;;;;;;;;;;;;;;
;https://eldeber.com.bo/edicion-impresa/se-ve-caida-del-redito-de-aportes-de-jubilacion-tasas-bajaron-un-82_311158;;;;;;;;;;;;;;;;;;;;
;https://www.paginasiete.bo/economia/a-cuatro-anos-de-la-mentira-del-mar-de-gas-la-produccion-cayo-en-22-mmmcd-GC6004697;;;;;;;;;;;;;;;;;;;;
;https://www.paginasiete.bo/economia/era-mentira-ministro-de-economia-confirma-que-el-mar-de-gas-anunciado-en-el-gobierno-de-evo-no-existe-EG5998699;;;;;;;;;;;;;;;;;;;;
;https://www.paginasiete.bo/economia/ejecucion-de-estatales-llego-a-70-ven-burocracia-y-falta-de-ingresos-HH5955458;;;;;;;;;;;;;;;;;;;;
;https://www.paginasiete.bo/economia/en-2022-se-perdieron-us-956-mm-de-reservas-internacionales-IF5968974;;;;;;;;;;;;;;;;;;;;
;https://eldeber.com.bo/edicion-impresa/productos-industriales-ya-superan-el-50-de-la-oferta-exportable-de-bolivia_310461;;;;;;;;;;;;;;;;;;;;
;https://eldeber.com.bo/pais/surge-pugna-entre-organizaciones-sociales-y-el-mas-por-festejos-del-22-de-enero_311423;;;;;;;;;;;;;;;;;;;;
;https://eldeber.com.bo/edicion-impresa/gobierno-cambia-discurso-y-ya-no-accionara-para-sacar-al-gobernador-camacho_311169;;;;;;;;;;;;;;;;;;;;
;https://www.lostiempos.com/actualidad/pais/20230113/exministro-romero-del-castillo-cuando-uno-se-mete-narco-no-puede-salir-sale;;;;;;;;;;;;;;;;;;;;
;https://www.la-razon.com/nacional/2023/01/08/ARCE-arropa-a-lula-los-fascistas-siempre-actuan-con-la-fuerza-por-lo-que-no-logran-en-urnas/;;;;;;;;;;;;;;;;;;;;
;https://eldeber.com.bo/pais/cocaleros-advierten-que-ni-la-detencion-de-camacho-calma-la-molestia-con-arce_309528;;;;;;;;;;;;;;;;;;;;
;https://www.paginasiete.bo/nacional/tras-nueva-estrategia-MAS-pregunta-a-civicos-si-quieren-suicidio-economico-LH5900836;;;;;;;;;;;;;;;;;;;;
;https://eldeber.com.bo/edicion-impresa/en-bolivia-el-financiamiento-interno-se-dispara-ante-reduccion-del-credito-externo_309533;;;;;;;;;;;;;;;;;;;;
;https://www.paginasiete.bo/seguridad/al-menos-30-policias-denunciados-por-narco-y-otros-delitos-siguen-en-funciones-LK6941409;Corrupción;;;;;;;;;;;;;;;;;;;
;https://eldeber.com.bo/pais/abogada-de-la-empresa-china-CHEC-que-proceso-al-testigo-protegido-trabajo-en-la-ABC_319112;;;;;;;;;;;;;;;;;;;;
;https://www.paginasiete.bo/seguridad/bombas-huida-en-barco-y-depresion-la-misteriosa-historia-del-testigo-protegido-aa1-BK6941377 ;;;;;;;;;;;;;;;;;;;;
;https://eldeber.com.bo/edicion-impresa/le-dieron-la-espalda-lo-que-paso-con-felipe-es-un-crimen-de-estado_319141  ;;;;;;;;;;;;;;;;;;;;
;https://www.paginasiete.bo/seguridad/denuncian-que-abogados-del-testigo-protegido-fueron-amenazados-y-otro-exgerente-de-la-abc-pide-salir-de-la-carcel-EA6929035;;;;;;;;;;;;;;;;;;;;
;https://eldebr.com.bo/pais/diputado-del-mas-hizo-37-giros-a-cuatro-paises-por-el-valor-de-us-51-millones_317119;;;;;;;;;;;;;;;;;;;;
;https://www.paginasiete.bo/economia/desde-2014-ypfb-adjudico-us-8788-mm-a-firma-que-esta-bajo-la-lupa-en-4-paises-AB6560277;;;;;;;;;;;;;;;;;;;;
;https://eldeber.com.bo/pais/una-veintena-de-casos-que-involucran-a-masistas-esta-impune-y-hay-duras-criticas_314465;;;;;;;;;;;;;;;;;;;;
;https://www.paginasiete.bo/seguridad/aduaneros-y-militares-fueron-golpeados-extorsionados-y-obligados-a-firmar-un-acuerdo-XG6338154;;;;;;;;;;;;;;;;;;;;
;https://eldeber.com.bo/edicion-impresa/agro-denuncia-presion-para-recibir-insumos-emapa-desmiente_313744 ;;;;;;;;;;;;;;;;;;;;
;https://www.paginasiete.bo/seguridad/denuncian-que-un-contingente-policial-fue-retenido-tras-la-detencion-de-avasalladores-en-guarayos-AF6263200;;;;;;;;;;;;;;;;;;;;
;https://www.paginasiete.bo/sociedad/corrupcion-Copa-remueve-a-11-jefes-y-procesa-a-14-funcionarios-por-denuncias-KC6260297;;;;;;;;;;;;;;;;;;;;
;https://www.paginasiete.bo/seguridad/expertos-fuga-de-reo-confirma-que-el-PCC-perdio-el-respeto-al-gobierno-HX6264191;;;;;;;;;;;;;;;;;;;;
;https://eldeber.com.bo/edicion-impresa/brasileno-vuelve-a-chonchocoro-y-sospechan-de-nexos-PCC-gobierno_313297;;;;;;;;;;;;;;;;;;;;
;https://eldeber.com.bo/pais/decomiso-de-cocaina-en-chapare-es-atribuido-a-la-pugna-interna-en-el-mas_312676;;;;;;;;;;;;;;;;;;;;
;https://www.paginasiete.bo/nacional/diputado-arce-denuncia-que-nina-convirtio-en-un-boliche-y-motel-los-predios-de-la-ABC-tras-hallar-tragos-y-preservativos-BE6152663;;;;;;;;;;;;;;;;;;;;
;https://www.la-razon.com/economia/2023/01/11/henry-nina-aun-no-fue-citado-a-declarar-por-el-caso-de-corrupcion-en-la-abc/;;;;;;;;;;;;;;;;;;;;
;https://eldeber.com.bo/edicion-impresa/juez-conmina-a-la-fiscalia-a-acusar-a-imputados-en-juicio-por-la-matanza-de-policias_310732;;;;;;;;;;;;;;;;;;;;
;https://www.paginasiete.bo/sociedad/amigos-de-max-mendoza-pagaran-su-fianza-YG5899274;;;;;;;;;;;;;;;;;;;;
;https://eldeber.com.bo/pais/la-produccion-de-cocaina-en-bolivia-colombia-y-peru-rompe-record-segun-la-onu_317996;;;;;;;;;;;;;;;;;;;;
;https://www.paginasiete.bo/nacional/direccion-de-RRSS-comunicacion-pago-bs-557-mm-por-difusion-y-contenidos-EC6646776;;;;;;;;;;;;;;;;;;;;
;https://eldeber.com.bo/pais/gobernador-de-potosi-enjuicia-a-denunciantes-de-las-41-ambulancias-y-ofrece-de-testigo-a-evo_314466;;;;;;;;;;;;;;;;;;;;
;https://www.paginasiete.bo/seguridad/la-marca-del-PCC-avanza-en-el-pais-y-el-gobierno-halla-mas-droga-NY6274359;;;;;;;;;;;;;;;;;;;;
;https://eldeber.com.bo/pais/el-crimen-organizado-ya-ha-empezado-a-dispararle-al-estado-y-otras-13-revelaciones-de-romero-sobre-e_310219;;;;;;;;;;;;;;;;;;;;
;https://www.paginasiete.bo/especial01/al-menos-10-grupos-de-choque-del-mas-generaron-violencia-y-atacaron-a-los-civiles-GC5848697;;;;;;;;;;;;;;;;;;;;
;https://www.paginasiete.bo/seguridad/videos-evidencian-a-la-policia-en-actos-delictivos-pero-procesan-a-70-civiles-CH5900037;;;;;;;;;;;;;;;;;;;;
;https://www.paginasiete.bo/nacional/buscan-reactivar-obras-de-la-carretera-por-el-tipnis-pese-a-oposicion-indigena-KC6949972;Social;;;;;;;;;;;;;;;;;;;
;https://eldeber.com.bo/edicion-impresa/pueblo-yuracare-mojeno-tiene-peso-politico-pero-vive-aislado-y-sin-subsidios-del-estado_319113;;;;;;;;;;;;;;;;;;;;
;https://eldeber.com.bo/pais/maestros-marchan-y-bloquean-en-todo-el-pais-potosi-esta-a-un-paso-de-ir-a-un-paro-indefinido_317827;;;;;;;;;;;;;;;;;;;;
;https://www.paginasiete.bo/nacional/cob-pide-un-incremento-salarial-del-10-y-congresos-para-temas-de-salud-y-educacion-KD6702628;;;;;;;;;;;;;;;;;;;;
;https://www.paginasiete.bo/seguridad/en-la-carcel-y-el-hospital-cesar-apaza-enfrenta-un-calvario-que-no-tiene-final-YX6473098;;;;;;;;;;;;;;;;;;;;
;https://www.paginasiete.bo/seguridad/al-menos-20-dirigentes-perseguidos-estan-olvidados-hasta-por-adepcoca-JG6448658;;;;;;;;;;;;;;;;;;;;
;https://eldeber.com.bo/edicion-impresa/en-dos-meses-hubo-21-hechos-de-violencia-en-santa-cruz_314872;;;;;;;;;;;;;;;;;;;;
;https://www.paginasiete.bo/opinion/columnistas/joyas-de-la-abuela-o-reliquia-barbarica-IB6416039;;;;;;;;;;;;;;;;;;;;
;https://www.paginasiete.bo/seguridad/en-completo-abandono-sin-atencion-medica-mal-de-los-rinones-y-ahora-con-embolia-el-drama-del-cocalero-apaza-IA6424758;;;;;;;;;;;;;;;;;;;;
;https://www.paginasiete.bo/seguridad/del-castillo-dice-que-hay-menos-avasallamientos-pero-victimas-denuncian-que-ahora-son-mas-violentos-XX6415145;;;;;;;;;;;;;;;;;;;;
;https://www.paginasiete.bo/ideas/el-intencional-embrollo-de-la-wiphala-KA6376826;;;;;;;;;;;;;;;;;;;;
;https://eldeber.com.bo/pais/bolivia-registro-2112-casos-de-dengue-en-una-semana-y-suman-18-los-fallecidos_314385;;;;;;;;;;;;;;;;;;;;
;https://eldeber.com.bo/edicion-impresa/la-bolivia-urbana_314482  ;;;;;;;;;;;;;;;;;;;;
;https://www.paginasiete.bo/sociedad/desde-2019-el-dengue-pone-en-crisis-a-bolivia-por-dejadez-y-falta-de-prevencion-XH6382462;;;;;;;;;;;;;;;;;;;;
;https://eldeber.com.bo/santa-cruz/sobresaturacion-en-la-maternidad-acomodan-hasta-21-recien-nacidos-en-una-sala-con-capacidad-para-sei_313815;;;;;;;;;;;;;;;;;;;;
;https://www.paginasiete.bo/economia/con-los-cooperativistas-en-contra-crece-el-rechazo-a-la-ley-del-oro-YC6325247 ;;;;;;;;;;;;;;;;;;;;
;https://eldeber.com.bo/edicion-impresa/productores-denuncian-que-grupos-armados-tienen-en-la-mira-mas-de-60000-hectareas-en-guarayos_313745;;;;;;;;;;;;;;;;;;;;
;https://eldeber.com.bo/economia/toma-de-tierras-gobierno-dice-que-hara-cumplir-la-ley-pese-a-las-implicaciones-politicas_313372;;;;;;;;;;;;;;;;;;;;
;https://eldeber.com.bo/santa-cruz/santa-cruz-demanda-12-mil-items-para-salud-y-2-mil-para-educacion_313397;;;;;;;;;;;;;;;;;;;;
;https://eldeber.com.bo/santa-cruz/vargas-denuncia-manipulacion-en-la-junta-electoral-de-comite-civico-tras-su-inhabilitacion_313411;;;;;;;;;;;;;;;;;;;;
;https://www.paginasiete.bo/seguridad/disparan-a-policias-y-obligan-a-liberar-a-60-avasalladores-XL6278110;;;;;;;;;;;;;;;;;;;;
;https://eldeber.com.bo/edicion-impresa/plan-para-reducir-uso-del-mercurio-en-la-mineria-estara-en-DOS-ANOS_312749;;;;;;;;;;;;;;;;;;;;
;https://www.paginasiete.bo/sociedad/10-represas-de-la-paz-estan-al-40-de-su-capacidad-la-aaps-prepara-medidas-de-contingencia-para-3-departamentos-HH6191988;;;;;;;;;;;;;;;;;;;;
;https://eldeber.com.bo/sociales/comparseros-de-la-villa-primero-de-mayo-y-su-reina-anuncian-que-no-celebraran-carnaval_312293;;;;;;;;;;;;;;;;;;;;
;https://eldeber.com.bo/potosi/potosi-aprueba-seis-preguntas-y-se-prepara-para-ir-a-un-paro-por-sus-recursos-naturales_312357;;;;;;;;;;;;;;;;;;;;
;https://www.paginasiete.bo/economia/COMCIPO-rechaza-contrato-para-explotar-el-litio-FF6135502;;;;;;;;;;;;;;;;;;;;
;https://eldeber.com.bo/pais/coca-y-descolonizacion-el-modelo-que-el-mas-intento-insertar-a-peru-desde-2015_311144;;;;;;;;;;;;;;;;;;;;
;https://eldeber.com.bo/pais/rectores-preparan-protestas-contra-jueces-por-liberar-a-max-mendoza-y-sus-correligionarios_310475;;;;;;;;;;;;;;;;;;;;
;https://eldeber.com.bo/pais/hay-senales-de-malestar-en-las-ffaa-y-piden-ordenes-escritas-para-salir-a-las-calles_309943;;;;;;;;;;;;;;;;;;;;
;https://eldeber.com.bo/santa-cruz/las-protestas-suman-76-aprehendidos-y-26-sentenciados-por-quemas-y-asaltos-a-instituciones_310070;;;;;;;;;;;;;;;;;;;;
;https://eldeber.com.bo/edicion-impresa/gobierno-advierte-con-REVERSION-DE-TIERRAS-por-el-freno-a-envio-de-alimentos_310056;;;;;;;;;;;;;;;;;;;;
;https://www.paginasiete.bo/sociedad/2022-cierra-con-38-infanticidios-y-94-feminicidios-JH5876931;;;;;;;;;;;;;;;;;;;;
;https://eldeber.com.bo/pais/gobierno-reporta-11-sentenciados-por-movilizaciones-en-santa-cruz-y-civicos-hablan-de-mas-de-200-her_309530;;;;;;;;;;;;;;;;;;;;
;https://www.paginasiete.bo/economia/AUTORIZACIONES-DE-ASENTAMIENTO-EL-ORIGEN-DE-LOS-AVASALLAMIENTOS-Y-CONFLICTOS-POR-LA-TIERRA-JC6444092;;;;;;;;;;;;;;;;;;;;
;https://eldeber.com.bo/pais/CIDH-es-importante-que-en-cualquier-proceso-se-tomen-en-cuenta-las-conclusiones-de-la-opinion-consul_312768;;;;;;;;;;;;;;;;;;;;
;https://eldeber.com.bo/pais/relatora-especial-sobre-la-situacion-de-los-defensores-de-ddhh-observa-presunta-criminalizacion-cont_312872    juicio montado contra Waldo A.;;;;;;;;;;;;;;;;;;;;
;https://www.la-razon.com/ciudades/2023/01/21/RECTOR-CUELLAR-LE-PROPONE-UN-ACUERDO-DE-PAZ-A-ARCE/;;;;;;;;;;;;;;;;;;;;
;https://www.la-razon.com/sociedad/2023/01/17/en-2022-hubo-mas-nacimientos-en-santa-cruz-y-mas-muertes-en-la-paz/;;;;;;;;;;;;;;;;;;;;
;https://www.la-razon.com/nacional/2023/01/17/la-CIDH-rechaza-el-uso-excesivo-de-la-fuerza-publica-y-los-actos-violentos-de-grupos-en-las-protestas-en-santa-cruz-2/;;;;;;;;;;;;;;;;;;;;
;https://eldeber.com.bo/edicion-impresa/arce-festeja-dia-del-acullico-con-cocaleros-de-yungas-y-chapare-celebra-separado_310742;;;;;;;;;;;;;;;;;;;;
;https://eldeber.com.bo/edicion-impresa/participacion-ciudadana-en-la-democracia_182975   Carlos Meyer columna sobre CS;;;;;;;;;;;;;;;;;;;;
;https://eldeber.com.bo/edicion-impresa/en-plena-crisis-por-el-dengue-hay-siete-centros-de-salud-cerrados_317110;;;;;;;;;;;;;;;;;;;;
;https://eldeber.com.bo/edicion-impresa/el-gobierno-inicia-tareas-de-erradicacion-y-dice-que-evita-ingreso-de-coca-peruana_312518;;;;;;;;;;;;;;;;;;;;
;https://eldeber.com.bo/pais/gobierno-aprovecha-la-presencia-de-cidh-para-desagraviar-a-vocales-de-las-elecciones-truncadas-de-20_319325;Oposiciones;;;;;;;;;;;;;;;;;;;
;https://eldeber.com.bo/edicion-impresa/las-distorsiones-del-padron-electoral_319139  Columna;;;;;;;;;;;;;;;;;;;;
;https://eldeber.com.bo/pais/gobierno-retoma-proyecto-de-lucha-contra-el-terrorismo-luego-de-perder-la-batalla-con-gremiales_319111;;;;;;;;;;;;;;;;;;;;
;https://www.paginasiete.bo/opinion/editorial/seis-meses-de-una-cadena-de-abusos-BN6924553  Apaza cocalero;;;;;;;;;;;;;;;;;;;;
;https://www.paginasiete.bo/nacional/cc-un-proyecto-de-ley-criminaliza-las-protestas-las-califica-como-terrorismo-DH6933014;;;;;;;;;;;;;;;;;;;;
;https://www.paginasiete.bo/nacional/medio-millon-de-firmas-apoyan-iniciativa-de-reforma-judicial-7-comites-civicos-y-el-conade-se-adhieren-HA6714687;;;;;;;;;;;;;;;;;;;;
;https://eldeber.com.bo/edicion-impresa/camacho-manda-desde-chonchocoro-sin-el-aporte-de-su-vicegobernador_316851;;;;;;;;;;;;;;;;;;;;
;https://eldeber.com.bo/pais/denuncian-que-dos-semanas-antes-de-la-detencion-de-camacho-el-gobierno-compro-camara-espia-a-empresa_316355;;;;;;;;;;;;;;;;;;;;
;https://www.paginasiete.bo/seguridad/como-la-quema-de-los-pumas-paso-a-ser-una-demanda-contra-revilla-las-10-claves-AY6607435;;;;;;;;;;;;;;;;;;;;
;https://eldeber.com.bo/edicion-impresa/PRESIDENTE-CIVICO-EL-PUEBLO-BOLIVIANO-NO-NECESITA-MEDIDAS-DE-PRESION-hay-crisis_315906;;;;;;;;;;;;;;;;;;;;
;https://eldeber.com.bo/pais/denuncia-doctor-de-camacho-salvo-la-vida-de-cocalero-cesar-apaza-chonchocoro-no-tiene-medicos_314696;;;;;;;;;;;;;;;;;;;;
;https://eldeber.com.bo/pais/desestiman-denuncia-por-la-supuesta-camara-espia-y-regresan-a-camacho-a-su-celda-con-la-condicion-de_314470;;;;;;;;;;;;;;;;;;;;
;https://www.paginasiete.bo/nacional/quiborax-mesa-denuncia-que-el-TCP-consolidara-la-corrupcion-y-dejara-en-impunidad-al-gobierno-de-evo-BE6350047  Quiborax;;;;;;;;;;;;;;;;;;;;
;https://eldeber.com.bo/santa-cruz/anuncio-de-nuevas-elecciones-de-directiva-en-la-brigada-crucena-aviva-la-division-interna-en-creemos_314076;;;;;;;;;;;;;;;;;;;;
;https://eldeber.com.bo/pais/jose-luis-camacho-parada-en-2019-no-hubo-trato-alguno-con-militares-y-no-hubo-golpe_313516;;;;;;;;;;;;;;;;;;;;
;https://www.paginasiete.bo/nacional/revilla-subia-y-nunez-continuan-en-la-clandestinidad-un-centenar-pide-refugio-FI6219766 ;;;;;;;;;;;;;;;;;;;;
;https://www.paginasiete.bo/nacional/inician-octavo-proceso-a-mesa-y-cc-anuncia-juicio-a-magistrados-del-TSJ-AX6220323;;;;;;;;;;;;;;;;;;;;
;https://eldeber.com.bo/pais/Mesa-denuncia-persecucion-politica-recibe-apoyo-opositor-y-VAN-CONTRA-LOS-SUPREMOS_312878  juicio por prevaricato;;;;;;;;;;;;;;;;;;;;
;https://eldeber.com.bo/edicion-impresa/Camacho-halla-una-camara-espia-en-su-celda-y-policias-buscaron-quitar-el-artefacto_312527;;;;;;;;;;;;;;;;;;;;
;https://www.paginasiete.bo/nacional/contra-el-tiempo-juristas-ponen-la-reforma-judicial-en-manos-de-la-gente-FB6157531;;;;;;;;;;;;;;;;;;;;
;https://www.paginasiete.bo/nacional/el-gobierno-desahucia-mandatos-de-los-cabildos-y-ataca-a-santa-cruz-FD6173135;;;;;;;;;;;;;;;;;;;;
;https://www.paginasiete.bo/nacional/cabildos-piden-amnistia-al-presidente-arce-y-lo-amenazan-con-un-revocatorio-BB6157636;;;;;;;;;;;;;;;;;;;;
;https://eldeber.com.bo/edicion-impresa/tiempo-de-cabreo_311588   opinión Tacuara;;;;;;;;;;;;;;;;;;;;
;https://www.la-razon.com/nacional/2023/01/18/Pena-revela-puja-por-el-control-de-la-gobernacion-de-santa-cruz-y-ninguneo-a-aguilera/;;;;;;;;;;;;;;;;;;;;
;https://eldeber.com.bo/edicion-impresa/iglesia-se-une-a-campana-para-reformar-el-sistema-judicial_311438;;;;;;;;;;;;;;;;;;;;
;https://www.paginasiete.bo/nacional/encuesta-la-mayoria-rechaza-encarcelamiento-de-camacho-BX6033737;;;;;;;;;;;;;;;;;;;;
;https://www.paginasiete.bo/nacional/el-RECTOR-vicente-cuellar-emerge-como-una-opcion-en-el-bando-de-la-oposicion-MY6023860;;;;;;;;;;;;;;;;;;;;
;https://www.paginasiete.bo/opinion/columnistas/santa-cruz-y-bolivia-una-relacion-que-expiro-EA5992240   un director del C. ProSantaCruz;;;;;;;;;;;;;;;;;;;;
;https://eldeber.com.bo/edicion-impresa/aviso-de-mas-detenciones-enciende-alertas-y-gobierno-cree-que-buscan-impunidad_310473;;;;;;;;;;;;;;;;;;;;
;https://www.paginasiete.bo/nacional/camacho-ve-al-mas-sin-proyecto-creemos-lo-proclama-presidente-EI5947350;;;;;;;;;;;;;;;;;;;;
;https://www.paginasiete.bo/nacional/gustavo-pedraza-estamos-en-transicion-al-posmasismo-pero-va-a-ser-un-parto-doloroso-BD5948614;;;;;;;;;;;;;;;;;;;;
;https://www.la-razon.com/nacional/2023/01/06/camacho-su-obstinacion-por-el-poder-con-el-derrocamiento-de-morales-hecho-por-hecho/;;;;;;;;;;;;;;;;;;;;
;https://www.la-razon.com/nacional/2023/01/07/relato-de-camacho-devela-pactos-militares-policias-y-mineros-que-le-complican-ahora/;;;;;;;;;;;;;;;;;;;;
;https://eldeber.com.bo/edicion-impresa/dano-a-la-fiscalia-fue-de-bs-37-mm-apresan-a-jovenes-por-dos-petardos_310065;;;;;;;;;;;;;;;;;;;;
;https://eldeber.com.bo/pais/miles-firman-en-favor-de-camacho-y-protestas-se-expanden-a-siete-ciudades_310077;;;;;;;;;;;;;;;;;;;;
;https://www.la-razon.com/nacional/2022/12/29/en-2019-camacho-conto-con-apoyo-de-policias-y-militares-llego-a-la-paz-para-deponer-al-gobierno-de-morales/;;;;;;;;;;;;;;;;;;;;
;https://www.la-razon.com/nacional/2023/03/16/varias-veces-eeuu-manifesto-su-interes-en-el-litio-y-bolivia-se-puso-en-alerta/;Otros;;;;;;;;;;;;;;;;;;;
;https://abi.bo/index.php/polititca2/34651-molina-declaraciones-de-la-jefa-del-comando-sur-de-eeuu-muestran-poco-respeto-a-los-paises-del-triangulo-del-litio;;;;;;;;;;;;;;;;;;;;
;https://www.lostiempos.com/actualidad/economia/20230804/ypfb-vendio-us-1224-mm-gas-junio;;;;;;;;;;;;;;;;;;;;
;https://eldeber.cm.bo/edicion-impresa/NOEL-KEMPFF-la-lucha-por-lograr-que-el-AMBORO-sea-reconocido-como-area-protegida_334270;;;;;;;;;;;;;;;;;;;;
;https://eldeber.com.bo/pais/EXMINISTRO-DE-EVO-ADMITE-QUE-PARTICIPO-EN-CONCERTACION-DE-la-LEY-PARA-ELECCIONES-DE-2020_334252;;;;;;;;;;;;;;;;;;;;
;https://www.lostiempos.com/actualidad/pais/20230730/bolivia-cierra-emergencia-covid-12-millones-casos-22300-fallecidos;;;;;;;;;;;;;;;;;;;;
;https://www.lostiempos.com/actualidad/pais/20230729/santa-cruz-periodista-denuncia-censura-imagenes-audiencia-judicial;;;;;;;;;;;;;;;;;;;;
;https://www.la-razon.com/economia/2023/07/27/abogados-plantean-recursos-para-devolver-la-investigacion-del-fassil-a-santa-cruz/;;;;;;;;;;;;;;;;;;;;
;https://www.la-razon.com/mundo/2023/07/27/jefe-de-la-ONU-ADVIERTE-QUE-COMENZO-la-era-de-LA-EBULLICION-CLIMATICA/;;;;;;;;;;;;;;;;;;;;
;https://www.la-razon.com/sociedad/2023/07/28/la-UMSA-advierte-crisis-hidrica-y-epsas-pide-no-especular/;;;;;;;;;;;;;;;;;;;;
;https://www.la-razon.com/economia/2023/07/28/la-produccion-de-gas-natural-cae-a-36-mmm3d-en-promedio/;;;;;;;;;;;;;;;;;;;;
;https://www.lostiempos.com/actualidad/pais/20230728/hubo-38-agresiones-periodistas-que-va-del-ano-todas-estan-impunes;;;;;;;;;;;;;;;;;;;;
;https://www.lostiempos.com/actualidad/pais/20230727/anp-denuncia-amenazas-periodista-narcoavioneta;;;;;;;;;;;;;;;;;;;;
;https://www.lostiempos.com/actualidad/economia/20230727/mineros-auriferos-piden-rezonificar-areas-protegidas-advierten;;;;;;;;;;;;;;;;;;;;
;https://www.lostiempos.com/tendencias/medio-ambiente/20230725/estudios-DESCIENDE-NIVEL-DEL-AGUA-LAGO-TITICACA;;;;;;;;;;;;;;;;;;;;
;https://www.lostiempos.com/actualidad/pais/20230725/defensa-revela-que-radares-detectaron-475-vuelos-irregulares-julio;;;;;;;;;;;;;;;;;;;;
;https://eldeber.com.bo/economia/ante-falta-de-dolares-el-banco-union-hace-operaciones-en-yuanes-y-el-gobierno-asegura-que-la-venta-d_333708;;;;;;;;;;;;;;;;;;;;
;https://www.la-razon.com/economia/2023/07/21/fencomin-exige-la-destitucion-del-director-de-la-AJAM-lo-acusan-de-iniciar-una-caceria-contra-los-mineros/;;;;;;;;;;;;;;;;;;;;
;https://www.la-razon.com/economia/2023/07/21/cocaleros-del-chapare-amenazan-con-expulsar-a-mas-de-50-cooperativas-mineras-ilegales-en-villa-tunari/;;;;;;;;;;;;;;;;;;;;
;https://eldeber.com.bo/edicion-impresa/en-la-zona-este-de-santa-cruz-el-agua-se-llevo-todo-tanques-y-reservorios-podran-salvar-al-agro_333368;;;;;;;;;;;;;;;;;;;;
;https://eldeber.com.bo/edicion-impresa/acuerdo-con-iran-incluye-el-litio-misiles-armas-e-inteligencia-en-el-ciberespacio_333342;;;;;;;;;;;;;;;;;;;;
;https://www.lostiempos.com/actualidad/pais/20230723/amparo-carvajal-activistas-afines-al-mas-levantan-vigilias-apdhb;;;;;;;;;;;;;;;;;;;;
;https://eldeber.com.bo/pais/indigenas-de-beni-denuncian-avasallamiento-de-tierras-y-mineria-ilegal-en-el-parque-MADIDI_333291;;;;;;;;;;;;;;;;;;;;
;https://eldeber.com.bo/pais/amparo-carvajal-resiste-50-dias-asediada-por-grupos-de-salazar_333261;;;;;;;;;;;;;;;;;;;;
;https://eldeber.com.bo/pais/nace-la-cuarta-alternativa-de-cara-a-las-elecciones-nacionales-del-2025_333143;;;;;;;;;;;;;;;;;;;;
;https://eldeber.com.bo/pais/MANO-DURA-ESTATAL-SE-APLICA-CONTRA-OPOSITORES-DETENIDOS-y-hay-derechos-vulnerados_333145;;;;;;;;;;;;;;;;;;;;
;https://www.lostiempos.com/actualidad/opinion/20230721/columna/verdaderos-peligros-deuda-publica-boliviana  Quico Velazco;;;;;;;;;;;;;;;;;;;;
;https://www.la-razon.com/sociedad/2023/07/19/por-ley-santa-cruz-aprueba-su-propia-curricula-regional-y-un-consejo-educativo/;;;;;;;;;;;;;;;;;;;;
;https://www.lostiempos.com/actualidad/economia/20230721/AJAM-ADMITE-QUE-LE-GANO-MINERIA-ILEGAL-analista-ve-perdida-del-control;;;;;;;;;;;;;;;;;;;;
;https://www.la-razon.com/economia/2023/07/19/la-gobernacion-de-la-paz-revela-que-en-seis-meses-identifico-mas-de-20-areas-de-mineria-ilegal/;;;;;;;;;;;;;;;;;;;;
;https://www.lostiempos.com/actualidad/economia/20230721/bolivia-sube-sus-recursos-litio-23-mm-toneladas-pero-no-certifica;;;;;;;;;;;;;;;;;;;;
;https://www.la-razon.com/economia/2023/07/20/con-coipasa-y-pastos-grandes-bolivia-suma-23-millones-de-toneladas-de-litio/;;;;;;;;;;;;;;;;;;;;
;https://eldeber.com.bo/pais/la-violencia-en-el-hogar-destruye-familias-y-es-el-delito-que-mas-se-denuncia_332842;;;;;;;;;;;;;;;;;;;;
;https://eldeber.com.bo/pais/denunciado-por-incursionar-en-el-madidi-niega-ser-minero-pero-aparece-como-dirigente_332876;;;;;;;;;;;;;;;;;;;;
;https://www.lostiempos.com/actualidad/economia/20230719/observan-inconsistencia-discurso-arce-bruselas-su-modelo-economico;;;;;;;;;;;;;;;;;;;;
;https://www.lostiempos.com/actualidad/pais/20230719/defensoria-del-pueblo-ahora-respalda-carvajal-suman-denuncias-tortura;;;;;;;;;;;;;;;;;;;;
;https://www.la-razon.com/santa-cruz/2023/07/19/reaparece-camacho-con-senales-de-deterioro-fisico/ ;;;;;;;;;;;;;;;;;;;;
;https://eldeber.com.bo/edicion-impresa/sobre-la-unidad-de-la-oposicion_332701 ;;;;;;;;;;;;;;;;;;;;
;https://eldeber.com.bo/pais/envian-a-19-personas-a-la-carcel-por-mineria-ilegal-activan-plan-de-control-de-mercurio_332716;;;;;;;;;;;;;;;;;;;;
;https://www.la-razon.com/nacional/2023/07/16/CAMACHO-Y-EL-PAPEL-DE-SU-PADRE-EN-2019-ANEZ-LO-CUENTA-TODO/;;;;;;;;;;;;;;;;;;;;
;https://www.lostiempos.com/actualidad/pais/20230717/expertos-tienen-observaciones-boleta-censal-ine-asegura-su-pertinencia;;;;;;;;;;;;;;;;;;;;
;https://www.lostiempos.com/actualidad/pais/20230717/denunciaran-trato-inhumano-carvajal-que-sigue-vigilia-46-dias-usa-panales;;;;;;;;;;;;;;;;;;;;
;https://eldeber.com.bo/pais/QUISPE-Y-ARIAS-MANTIENEN-LA-PUGNA-POR-LOS-FESTEJOS-PACENOS_332415;;;;;;;;;;;;;;;;;;;;
;https://eldeber.com.bo/pais/comerciantes-y-gendarmes-se-trenzaron-a-golpes-en-la-antesala-a-la-verbena-por-el-aniversario-de-la-_332484;;;;;;;;;;;;;;;;;;;;
;https://www.la-razon.com/economia/2023/07/19/firman-convenio-para-reducir-el-uso-del-mercurio-en-la-mineria-aurifera-invertiran-us-65-millones/;;;;;;;;;;;;;;;;;;;;
;https://eldeber.com.bo/pais/EL-MERCURIO-HACE-ESTRAGOS-EN-LOS-PUEBLOS-INDIGENAS-DEL-PAIS-sepa-que-provoca-en-el-organismo-de-quie_332993;;;;;;;;;;;;;;;;;;;;
;https://eldeber.com.bo/pais/aeropuerto-de-riberalta-deja-de-operar-luego-de-que-pobladores-destrozaran-sus-instalaciones_332463 ;;;;;;;;;;;;;;;;;;;;
;https://eldeber.com.bo/pais/riberalta-instalan-bloqueos-en-protesta-por-la-aprehension-de-57-balseros-acusados-por-la-extraccion_332475;;;;;;;;;;;;;;;;;;;;
;https://eldeber.com.bo/pais/operativo-en-el-rio-madre-de-dios-deja-49-aprehendidos-por-explotacion-de-mineria-ilegal-pobladores-_332417;;;;;;;;;;;;;;;;;;;;
;https://www.lostiempos.com/actualidad/pais/20230714/notifican-policia-afines-al-mas-que-carvajal-tenga-acceso-ambientes-apdhb;;;;;;;;;;;;;;;;;;;;
;https://www.lostiempos.com/actualidad/pais/20230714/accion-libertad-favor-permitira-carvajal-ir-juicio-su-inmueble;;;;;;;;;;;;;;;;;;;;
;https://eldeber.com.bo/pais/juez-reconoce-que-edgar-salazar-vulnero-derechos-de-amparo-carvajal-y-le-prohibe-amedrentarla-y-host_332171;;;;;;;;;;;;;;;;;;;;
;https://eldeber.com.bo/pais/la-reposicion-del-ministro-censurado-activa-un-pedido-de-juicio-contra-luis-arce_332042;;;;;;;;;;;;;;;;;;;;
;https://www.lostiempos.com/actualidad/pais/20230712/ingreso-carvajal-su-sede-genera-apoyo-ciudadano-pone-jaque-al-gobierno;;;;;;;;;;;;;;;;;;;;
;https://eldeber.com.bo/pais/bolivia-y-brasil-dos-sudamericanos-en-el-top-3-mundial-de-deforestacion-estan-reunidos-en-colombia-p_331610;;;;;;;;;;;;;;;;;;;;
;https://eldeber.com.bo/pais/el-gobierno-y-las-regiones-logran-acuerdos-por-censo-sin-santa-cruz-ni-la-paz_331441;;;;;;;;;;;;;;;;;;;;
;https://eldeber.com.bo/edicion-impresa/la-mentira-del-golpe_331459;;;;;;;;;;;;;;;;;;;;
;https://eldeber.com.bo/impreso/civicos-inra-cede-15000-hectareas-de-tierras-fiscales-a-comunidades-foraneas_285427;;;;;;;;;;;;;;;;;;;;
;https://www.lostiempos.com/actualidad/economia/20230704/jubilados-denuncian-que-20-del-sector-fue-sacado-del-sistema;;;;;;;;;;;;;;;;;;;;
;https://www.la-razon.com/economia/2023/07/02/en-una-decada-el-contrabando-movio-us-26-764-mm/;;;;;;;;;;;;;;;;;;;;
;https://www.lostiempos.com/actualidad/seguridad/20230703/fuerza-antidroga-incauto-mas-585-toneladas-droga-dos-anos-medio      ;;;;;;;;;;;;;;;;;;;;
;https://eldeber.com.bo/pais/seis-jueces-y-fiscales-concentran-al-menos-50-procesos-en-contra-de-lideres-crucenos_330891;;;;;;;;;;;;;;;;;;;;
;https://eldeber.com.bo/pais/denunciado-por-cumplir-con-su-deber-raul-el-guardian-del-madidi_330841;;;;;;;;;;;;;;;;;;;;
;https://www.lostiempos.com/actualidad/pais/20230701/mes-toma-AI-inicia-cruzada-devolucion-oficinas-apdhb-salud-AMPARO-CARVAJAL;;;;;;;;;;;;;;;;;;;;
;https://www.lostiempos.com/actualidad/pais/20230701/ultimos-tres-anos-sufrieron-violencia-politica-182-mujeres;;;;;;;;;;;;;;;;;;;;
;https://eldeber.com.bo/santa-cruz/denuncian-que-padres-de-la-diputada-maria-rene-alvarez-fueron-secuestrados-por-supuestos-policias_330618;;;;;;;;;;;;;;;;;;;;
;https://www.paginasiete.bo/opinion/columnistas/el-liberalismo-visto-por-el-tubo-FX8374263;;;;;;;;;;;;;;;;;;;;
;https://eldeber.com.bo/pais/la-fabrica-de-agua-del-chaco-agoniza-por-la-huella-de-la-explotacion-de-petroleo-y-gas-en-bolivia_330112;;;;;;;;;;;;;;;;;;;;
;https://www.la-razon.com/sociedad/2023/06/27/en-lo-que-va-del-ano-23-686-CASOS-DE-VIOLENCIA-se-registraron-en-el-pais/;;;;;;;;;;;;;;;;;;;;
;https://www.paginasiete.bo/sociedad/le-dan-cita-medica-a-una-paciente-de-la-cns-para-dentro-de-un-ano-EY8313314;;;;;;;;;;;;;;;;;;;;
;https://eldeber.com.bo/pais/solo-esta-semana-tres-feminicidios-se-reportaron-en-la-paz-el-atacante-de-una-de-las-jovenes-es-cond_330057;;;;;;;;;;;;;;;;;;;;
;https://eldeber.com.bo/edicion-impresa/inversion-privada-para-explorar-gas-es-de-us-171-millones_330059;;;;;;;;;;;;;;;;;;;;
;https://eldeber.com.bo/pais/rodriguez-veltze-la-fiscalia-ha-convertido-los-juicios-penales-en-herramienta-politica_330047;;;;;;;;;;;;;;;;;;;;
;https://eldeber.com.bo/pais/una-remediacion-pendiente-la-contaminacion-de-la-industria-petrolera-no-se-atiende-pese-a-la-legisla_330198;;;;;;;;;;;;;;;;;;;;
;https://eldeber.com.bo/pais/la-fabrica-de-agua-del-chaco-agoniza-por-la-huella-de-la-explotacion-de-petroleo-y-gas-en-bolivia_330112;;;;;;;;;;;;;;;;;;;;
;https://eldeber.com.bo/pais/el-discurso-de-defensa-de-la-naturaleza-del-gobierno-contrasta-con-la-realidad_330045;;;;;;;;;;;;;;;;;;;;
;https://www.paginasiete.bo/economia/gobierno-revela-que-31-areas-reservadas-a-ypfb-estan-sobrepuestas-a-parques-naturales-DD8306027;;;;;;;;;;;;;;;;;;;;
;https://www.paginasiete.bo/economia/cob-exige-reformar-la-ley-de-pensiones-pide-formar-parte-de-la-gestora-y-solicita-informe-sobre-trabajo-de-las-afp-BJ8281560;;;;;;;;;;;;;;;;;;;;
;https://www.paginasiete.bo/nacional/camacho-acusa-a-choquehuanca-de-usar-cuentos-separatistas-por-sus-comentarios-sobre-la-tricolor-CM8295206;;;;;;;;;;;;;;;;;;;;
;https://www.paginasiete.bo/nacional/antonio-saravia-economista-no-es-solo-sacar-al-mas-hay-que-sacar-el-paradigma-que-representa-JB8298856;;;;;;;;;;;;;;;;;;;;
;https://www.paginasiete.bo/economia/DANO-INDIGENA-5-COOPERATIVAS-MINERAS-ESTAN-BAJO-PROCESOS-BK8297751;;;;;;;;;;;;;;;;;;;;
;https://eldeber.com.bo/pais/cesar-apaza-retorna-a-san-pedro-y-liberan-a-cocalero-que-acusaron-de-manipular-explosivos-pese-a-no-_329903  ;;;;;;;;;;;;;;;;;;;;
;https://eldeber.com.bo/edicion-impresa/la-financiarizacion-del-modelo-cruceno_329975  ;;;;;;;;;;;;;;;;;;;;
;https://eldeber.com.bo/edicion-impresa/a-mayo-de-2023-el-39-de-bloqueos-en-el-pais-fueron-en-santa-cruz_329980 ;;;;;;;;;;;;;;;;;;;;
;https://eldeber.com.bo/pais/indigenas-piden-declarar-desastre-y-reunion-internacional-para-analizar-situacion-del-rio-pilcomayo_329779;;;;;;;;;;;;;;;;;;;;
;https://eldeber.com.bo/santa-cruz/emerge-la-coordinadora-por-la-defensa-de-la-libertad-y-democracia-en-reemplazo-del-comite-interinsti_329803;;;;;;;;;;;;;;;;;;;;
;https://www.paginasiete.bo/sociedad/umsa-revela-que-epsas-no-aporta-para-estudio-toxicologico-del-agua-y-diputados-intervienen-LA8277915;;;;;;;;;;;;;;;;;;;;
;https://www.paginasiete.bo/sociedad/EPSAS-denuncian-desvio-de-agua-para-burlar-pruebas-de-toxicidad-DF8263104;;;;;;;;;;;;;;;;;;;;
;https://eldeber.com.bo/edicion-impresa/autonomias-y-descentralizacion-en-la-constitucion-de-todos_329635;;;;;;;;;;;;;;;;;;;;
;https://eldeber.com.bo/economia/cotizacion-del-oro-llega-a-los-us-2000-la-onza-troy-y-se-acerca-a-su-maximo-historico_329628  ;;;;;;;;;;;;;;;;;;;;
;https://www.paginasiete.bo/nacional/manfred-dice-que-tcp-anulo-12-procesos-en-su-contra-por-la-CIDH-y-evismo-ve-un-clan-de-impunidad-AE8273367 ;;;;;;;;;;;;;;;;;;;;
;https://eldeber.com.bo/pais/reyes-villa-logra-anular-procesos-en-su-contra-y-el-tcp-dice-que-corresponde-juicio-de-responsabilid_329625;;;;;;;;;;;;;;;;;;;;
;https://www.paginasiete.bo/nacional/el-bunker-tercera-republica-inaugura-sus-oficinas-en-plaza-murillo-con-miras-al-2025-AJ8218266;;;;;;;;;;;;;;;;;;;;
;https://www.paginasiete.bo/nacional/cuellar-acepta-debatir-sobre-santa-cruz-y-analistas-ven-impostura-de-arce-ME8226691;;;;;;;;;;;;;;;;;;;;
;https://www.paginasiete.bo/economia/por-primera-vez-en-19-anos-ingresos-por-agronegocios-superan-a-hidrocarburos-en-bolivia-analistas-ven-futuro-prometedor-DA8222858;;;;;;;;;;;;;;;;;;;;
;https://eldeber.com.bo/santa-cruz/lideres-crucenos-responden-los-dichos-de-arce-de-que-plan-quiere-hablar-del-de-la-persecucion-y-los-_329261;;;;;;;;;;;;;;;;;;;;
;https://eldeber.com.bo/pais/los-acusados-de-violacion-y-de-narcotrafico-son-mayoria-en-las-carceles-del-pais_329281 ;;;;;;;;;;;;;;;;;;;;
;https://eldeber.com.bo/pais/gabinete-ampliado-mantiene-ministros-pero-cambiara-viceministros-y-directores_329203;;;;;;;;;;;;;;;;;;;;
;https://eldeber.com.bo/pais/las-ballenas-y-culebritas-dominan-las-27-vias-ilicitas-en-la-frontera-bolivia-peru_329209;;;;;;;;;;;;;;;;;;;;
;https://eldeber.com.bo/pais/tres-ferias-ilicitas-estan-en-la-mira-del-gobierno_329210;;;;;;;;;;;;;;;;;;;;
;https://eldeber.com.bo/pais/goni-rompe-un-silencio-de-20-anos-y-plantea-otra-cpe-con-mas-libertad-para-el-ciudadano_329206;;;;;;;;;;;;;;;;;;;;
;https://www.paginasiete.bo/economia/intervienen-actividad-minera-ilegal-en-rio-orthon-y-aprehenden-a-siete-implicados-ID8173695;;;;;;;;;;;;;;;;;;;;
;https://eldeber.com.bo/santa-cruz/arce-sostiene-que-en-santa-cruz-hay-matonaje-porque-no-hay-proyecto-de-departamento-para-discutir_329109;;;;;;;;;;;;;;;;;;;;
;https://eldeber.com.bo/pais/identifican-a-siete-clanes-familiares-y-mafias-foraneas-tras-el-narcotrafico_328853;;;;;;;;;;;;;;;;;;;;
;https://www.lostiempos.com/actualidad/pais/20230614/evistas-arcistas-salvan-del-castillo-censura-pese-protestas-oposicion;;;;;;;;;;;;;;;;;;;;
;https://eldeber.com.bo/economia/madidi-preparan-desalojo-e-inmovilizacion-de-proyectos-auriferos-en-el-rio-tuichi_328654;;;;;;;;;;;;;;;;;;;;
;https://www.paginasiete.bo/seguridad/el-ministerio-publico-repone-imputacion-contra-el-dirigente-cocalero-cesar-apaza-NC8114852;;;;;;;;;;;;;;;;;;;;
;https://www.paginasiete.bo/economia/advierten-que-con-paralizacion-de-planta-bolivia-pierde-confianza-en-compradores-y-dejara-de-vender-45-mil-toneladas-de-urea-JB8113964;;;;;;;;;;;;;;;;;;;;
;https://www.paginasiete.bo/economia/ypfb-reconoce-que-paro-la-planta-de-urea-para-vender-gas-a-mejor-precio-a-argentina-YM8097155;;;;;;;;;;;;;;;;;;;;
;https://www.paginasiete.bo/economia/la-MINERIA-AVANZA-EN-EL-MADIDI-Y-PONE-EN-RIESGO-LA-DONACION-PARA-PRESERVARLO-HX8101191;;;;;;;;;;;;;;;;;;;;
;https://www.paginasiete.bo/nacional/piden-dar-con-productores-de-la-droga-que-se-envio-en-vuelo-de-boa-y-aplicar-el-poligrafo-a-implicados-FG8091421;;;;;;;;;;;;;;;;;;;;
;https://www.paginasiete.bo/nacional/evo-y-alanes-junto-a-otros-sectores-reunidos-en-los-yungas-para-coordinar-temas-politicos-AY8089570;;;;;;;;;;;;;;;;;;;;
;https://elpais.com/america-futura/2023-06-10/una-comunidad-a-orillas-del-desaparecido-lago-poopo-demanda-el-agua-que-le-quito-la-mineria.html;;;;;;;;;;;;;;;;;;;;
;https://www.paginasiete.bo/nacional/reves-a-paralela-victimas-de-senkata-desmienten-a-salazar-y-niegan-que-apoyaron-toma-de-ddhh-AD8063406;;;;;;;;;;;;;;;;;;;;
;https://eldeber.com.bo/santa-cruz/activistas-agreden-a-la-asambleista-muriel-cruz-en-pleno-ingreso-a-la-gobernacion_328147  ;;;;;;;;;;;;;;;;;;;;
;https://eldeber.com.bo/economia/campesinos-impulsan-reversion-de-tierras-de-comunidades-fantasma-y-de-aquellas-que-sirven-para-el-tr_331672;;;;;;;;;;;;;;;;;;;;
;https://www.lostiempos.com/actualidad/pais/20230609/campesinos-pando-piden-parar-mineria;;;;;;;;;;;;;;;;;;;;
;https://www.lostiempos.com/actualidad/pais/20230609/bcb-mantiene-oculto-nivel-rin-4-meses-fmi-reporta-2-mm-menos-deg;;;;;;;;;;;;;;;;;;;;
;https://www.paginasiete.bo/sociedad/694-de-encarcelados-preventivos-estan-por-violencia-y-abuso-a-ninos-y-mujeres-JE8060748;;;;;;;;;;;;;;;;;;;;
;https://www.paginasiete.bo/sociedad/tension-grupos-de-choque-intentan-desalojar-vigilia-de-amparo-carvajal-XE8053541;;;;;;;;;;;;;;;;;;;;
;https://eldeber.com.bo/edicion-impresa/aseguran-que-condena-a-calvo-desvela-el-maltrato-del-gobierno-a-santa-cruz_327968;;;;;;;;;;;;;;;;;;;;
;https://eldeber.com.bo/pais/TSE-anula-proceso-de-contrato-con-la-empresa-para-renovacion-del-padron-y-la-oposicion-aplaude_328039;;;;;;;;;;;;;;;;;;;;
;https://eldeber.com.bo/pais/en-160-dias-de-la-gestion-2023-diputados-solo-llamo-a-17-sesiones-plenarias_328065;;;;;;;;;;;;;;;;;;;;
;https://www.paginasiete.bo/nacional/gobierno-antepone-ley-de-ffaa-sobre-la-cpe-para-ingreso-de-65-militares-venezolanos-sin-permiso-de-la-alp-EC8037006;;;;;;;;;;;;;;;;;;;;
;https://www.lostiempos.com/tendencias/tecnologia/20230607/facebook-continua-siendo-red-social-preferida-bolivianos-pero-tiktok;;;;;;;;;;;;;;;;;;;;
;https://www.paginasiete.bo/sociedad/estudio-pese-a-tres-intentos-de-meta-bolivia-mantiene-cifra-alta-de-perfiles-falsos-en-facebook-YJ8038427;;;;;;;;;;;;;;;;;;;;
;https://eldeber.com.bo/santa-cruz/estas-son-las-seis-medidas-que-fortaleceran-el-control-aeroportuario-para-evitar-el-trafico-de-droga_327965;;;;;;;;;;;;;;;;;;;;
;https://www.lostiempos.com/actualidad/pais/20230607/carvajal-mantiene-vigilia-apdhb-arremetida-grupos-afines-al-mas ;;;;;;;;;;;;;;;;;;;;
;https://www.paginasiete.bo/opinion/editorial/DEVUELVAN-LA-SEDE-DE-DDHH-JC8004649;;;;;;;;;;;;;;;;;;;;
;https://www.paginasiete.bo/sociedad/cochabamba-arde-en-pugnas-concejala-es-internada-tras-ser-golpeada-por-turba-AB8021112;;;;;;;;;;;;;;;;;;;;
;https://www.paginasiete.bo/seguridad/exmilitares-advierten-de-mas-presencia-militar-venezolana-piden-respetar-la-cpe-CA8020422;;;;;;;;;;;;;;;;;;;;
;https://eldeber.com.bo/pais/camacho-han-sido-el-mas-y-sus-dirigentes-quienes-abrieron-las-puertas-a-los-narcotraficantes-en-una-_327791;;;;;;;;;;;;;;;;;;;;
;https://eldeber.com.bo/santa-cruz/justicia-dispone-dos-anos-de-carcel-para-romulo-calvo-por-el-caso-wiphala-policia-lanza-gases-y-la-g_327806;;;;;;;;;;;;;;;;;;;;
;https://eldeber.com.bo/pais/17-INSTITUCIONES-EXIGEN-LA-INMEDIATA-RESTITUCION-DE-LA-APDHB-e-identifican-a-los-avasalladores-como-_327630;;;;;;;;;;;;;;;;;;;;
;https://www.paginasiete.bo/nacional/afin-al-mas-admite-que-tomo-ddhh-y-asegura-que-fue-con-apoyo-de-victimas-de-senkata-FH7988153;;;;;;;;;;;;;;;;;;;;
;https://www.paginasiete.bo/nacional/destrozaron-las-cerraduras-de-ddhh-y-amparo-pide-presencia-notarial-para-ingresar-XF7986981;;;;;;;;;;;;;;;;;;;;
;https://eldeber.com.bo/santa-cruz/pese-al-desistimiento-familiar-la-fiscalia-acusa-por-triple-asesinato-de-policias-en-porongo-a-nalla_327635;;;;;;;;;;;;;;;;;;;;
;https://eldeber.com.bo/pais/gobierno-le-baja-el-dedo-al-cocalero-alanez-este-dice-que-el-poder-es-coyuntural_327658;;;;;;;;;;;;;;;;;;;;
;https://eldeber.com.bo/pais/abogado-anticipa-de-la-llegada-de-un-segundo-contingente-de-militares-venezolanos-en-junio_327680;;;;;;;;;;;;;;;;;;;;
;https://www.paginasiete.bo/nacional/vice-arma-su-plan-desde-lo-andino-y-con-poca-incidencia-en-el-ejecutivo-XB7982473;;;;;;;;;;;;;;;;;;;;
;https://www.paginasiete.bo/seguridad/concejal-que-insultaba-a-su-colega-fue-sentenciado-por-violencia-politica-LF7968814;;;;;;;;;;;;;;;;;;;;
;https://eldeber.com.bo/pais/luis-arce-asegura-que-se-derroto-a-la-derecha-crucena-en-noviembre-de-2022_327458;;;;;;;;;;;;;;;;;;;;
;https://eldeber.com.bo/santa-cruz/ministerio-de-gobierno-afirma-que-no-abandonara-el-caso-pese-al-desistimiento-de-familiares-de-polic_327382;;;;;;;;;;;;;;;;;;;;
;https://www.paginasiete.bo/nacional/un-abogado-K-cercano-a-los-servicios-de-inteligencia-hizo-de-guia-y-custodio-de-evo-en-argentina-EH7944969;;;;;;;;;;;;;;;;;;;;
;https://www.paginasiete.bo/seguridad/contrabandistas-se-enfrentan-a-militares-y-dejan-un-muerto-y-tres-heridos-en-villazon-BB7939131;;;;;;;;;;;;;;;;;;;;
;https://eldeber.com.bo/pais/en-interpelacion-a-lima-faltaron-15-opositores-en-cc-critican-a-salame_327094;;;;;;;;;;;;;;;;;;;;
;https://www.paginasiete.bo/nacional/lima-admite-abuso-de-la-detencion-preventiva-y-se-salva-de-la-censura-FJ7913623;;;;;;;;;;;;;;;;;;;;
;https://www.paginasiete.bo/nacional/encuesta-oposicion-dice-que-refleja-el-declive-masista-y-estos-que-mal-momento-pasara-YB7883221;;;;;;;;;;;;;;;;;;;;
;https://eldeber.com.bo/edicion-impresa/el-autoritarismo-de-arce-vive-sus-ultimos-momentos-ahogado-en-corrupcion_326689;;;;;;;;;;;;;;;;;;;;
;https://elpais.com/america-colombia/2023-05-28/guerra-santa-al-neoliberalismo.html;;;;;;;;;;;;;;;;;;;;
;https://eldeber.com.bo/opinion/un-estado-plurinacional-que-privilegia-la-riqueza-de-sus-adeptos-y-se-olvida-del-92-de-los-boliviano_326446;;;;;;;;;;;;;;;;;;;;
;https://www.paginasiete.bo/seguridad/balacera-en-el-chapare-narcos-recuperan-droga-secuestrada-y-dejan-herido-a-un-policia-MJ7803482;;;;;;;;;;;;;;;;;;;;
;https://www.paginasiete.bo/nacional/denuncian-que-TSE-adjudica-actualizacion-biometrica-a-subsidiaria-de-firma-cuestionada-desde-2009-ML7683907;;;;;;;;;;;;;;;;;;;;
;https://www.paginasiete.bo/sociedad/179-centros-de-acogida-carecen-de-un-sistema-de-registro-de-los-ninos-que-albergan-y-de-normas-YB7672054;;;;;;;;;;;;;;;;;;;;
;https://eldeber.com.bo/pais/descubren-otro-megalaboratorio-de-cocaina-en-villa-tunari-el-cuarto-en-menos-de-un-mes_325089;;;;;;;;;;;;;;;;;;;;
;https://eldeber.com.bo/pais/mesa-dice-que-la-corrupcion-carcome-la-gestion-de-arce-y-morales-afirma-que-lo-que-esta-pasando-ya-e_325080;;;;;;;;;;;;;;;;;;;;
;https://www.paginasiete.bo/economia/viceministro-silva-insta-a-pasajeros-de-boa-dejar-la-rabia-y-pedir-compensacion-YB7650809;;;;;;;;;;;;;;;;;;;;
;https://eldeber.com.bo/pais/arce-llega-a-la-mitad-de-su-mandato-sumergido-en-crisis-politica-y-economica_324464;;;;;;;;;;;;;;;;;;;;
;https://eldeber.com.bo/edicion-impresa/santa-cruz-reporta-4-millones-de-habitantes-y-un-crecimiento-poblacional-de-460-anual_323938;;;;;;;;;;;;;;;;;;;;
;https://eldeber.com.bo/edicion-impresa/las-ganancias-de-las-perdidas_324314 ;;;;;;;;;;;;;;;;;;;;
;https://elpais.com/economia/2023-05-08/el-invisible-club-de-los-100000-millones-los-operadores-de-materias-primas-disparan-su-beneficio.html ;;;;;;;;;;;;;;;;;;;;
;https://www.paginasiete.bo/sociedad/acaba-pesadilla-del-covid-con-20-mm-de-muertos-en-el-mundo-22-mil-en-bolivia-LB7542508;;;;;;;;;;;;;;;;;;;;
;https://eldeber.com.bo/pais/BOLIVIA-esta-polarizada-la-mayoria-no-habla-de-politica-y-no-cree-en-partidos_323573;;;;;;;;;;;;;;;;;;;;
;https://www.paginasiete.bo/nacional/ven-que-ivan-LIMA-HABLA-DE-ATRIBUCIONES-QUE-TCP-NO-TIENE-MA7453835;;;;;;;;;;;;;;;;;;;;
;https://www.paginasiete.bo/nacional/en-14-anos-de-alianza-con-el-mas-la-cob-logro-poder-coches-y-edificios-EH7449798;;;;;;;;;;;;;;;;;;;;
;https://eldeber.com.bo/opinion/constataciones-embustes-alternativas-desafios-y-prioridades_323408;;;;;;;;;;;;;;;;;;;;
;https://www.paginasiete.bo/nacional/cocaleros-se-sienten-traicionados-por-directiva-de-adepcoca-ante-presencia-de-del-castillo-EG7448530;;;;;;;;;;;;;;;;;;;;
;https://eldeber.com.bo/pais/tras-la-nueva-suspension-de-preseleccion-de-candidatos-a-magistrados-LIMA-LLAMA-A-MESA-Y-CAMACHO-A-U_323403;;;;;;;;;;;;;;;;;;;;
;https://www.paginasiete.bo/nacional/lima-el-tcp-tiene-en-sus-manos-la-posibilidad-de-suprimir-el-voto-popular-en-las-judiciales-DM7439647;;;;;;;;;;;;;;;;;;;;
;https://www.paginasiete.bo/nacional/el-vice-dice-que-la-justicia-se-cae-a-pedazos-y-opositores-piden-mea-culpa-al-gobierno-XX7426550;;;;;;;;;;;;;;;;;;;;
;https://www.paginasiete.bo/economia/santagro-denuncia-que-avasalladores-cosechan-la-soya-de-sus-predios-AA7442442;;;;;;;;;;;;;;;;;;;;
;https://www.paginasiete.bo/nacional/tras-nuevo-freno-a-las-judiciales-piden-juicio-de-corte-a-magistrados-por-admitir-recurso-KM7439628;;;;;;;;;;;;;;;;;;;;
;https://www.paginasiete.bo/seguridad/GOBIERNO-SE-ACERCA-A-ADEPCOCA-pide-permiso-para-reunion-y-plantea-cerrar-viejas-heridas-DC7433353;;;;;;;;;;;;;;;;;;;;
;https://www.clarin.com/sociedad/nuevo-superalimento-gobierno-busca-impulsar-cannabis-cocina_0_dAL6Hji72y.html;;;;;;;;;;;;;;;;;;;;
;https://eldeber.com.bo/pais/difunden-lista-de-transfugas-de-cc-y-acusan-a-8-parlamentarios-de-creemos-por-la-ley-del-oro_323158;;;;;;;;;;;;;;;;;;;;
;https://www.paginasiete.bo/seguridad/revelan-que-evo-y-quintana-instruyeron-verbalmente-la-adjudicacion-de-14-proyectos-robados-de-la-UPRE-KK7387396;;;;;;;;;;;;;;;;;;;;
;https://eldeber.com.bo/pais/destruyen-tres-laboratorios-de-critalizacion-de-cocaina-en-chapare-hay-seis-aprehendidos_323041;;;;;;;;;;;;;;;;;;;;
;https://eldeber.com.bo/santa-cruz/sectores-en-guarayos-bloquean-la-carretera-santa-cruz-trinidad-en-protesta-por-avasallamientos_323031;;;;;;;;;;;;;;;;;;;;
;https://eldeber.com.bo/pais/en-13-anos-hubo-mas-de-60-MUERTES-y-casos-de-TORTURA-en-CUARTELES-estan-IMPUNES_322726;;;;;;;;;;;;;;;;;;;;
;https://www.paginasiete.bo/portada/katia-saucedo-LA-INICIATIVA-CIUDADANA-ESTA-ORIENTADA-A-QUIEN-MUEVE-ENORME-CANTIDAD-DE-FONDOS-IM7349659;;;;;;;;;;;;;;;;;;;;
;https://www.paginasiete.bo/sociedad/turismo-en-el-limbo-como-lograr-el-beneficio-para-privados-y-comunidades-JE7350319;;;;;;;;;;;;;;;;;;;;
;https://eldeber.com.bo/edicion-impresa/choquehuanca-contradice-a-arce-y-el-gobierno-pide-aprobar-creditos_322303;;;;;;;;;;;;;;;;;;;;
;https://www.paginasiete.bo/sociedad/sin-considerar-la-ley-de-imprenta-juzgan-a-3-periodistas-en-la-via-penal-y-con-inteligencia-artificial-LY7265519;;;;;;;;;;;;;;;;;;;;
;https://eldeber.com.bo/pais/Bolivia-se-arriesga-a-retornar-a-la-lista-gris-de-paises-debiles-en-la-lucha-antilavado-de-activos_322005;;;;;;;;;;;;;;;;;;;;
;https://eldeber.com.bo/pais/el-rechazo-a-la-coca-paso-factura-a-comunidades-del-TIPNIS_321875;;;;;;;;;;;;;;;;;;;;
;https://eldeber.com.bo/pais/alistan-marchas-en-el-pais-por-rechazo-a-nuevas-leyes-y-en-reclamo-a-la-gestora-de-pensiones_321870;;;;;;;;;;;;;;;;;;;;
;https://eldeber.com.bo/pais/el-sur-del-TIPNIS-tambien-resiste-a-la-tala-ilegal-de-arboles-y-a-la-toma-ganadera_321865;;;;;;;;;;;;;;;;;;;;
;https://eldeber.com.bo/edicion-impresa/la-region-metropolitana-duplico-su-poblacion-en-20-anos-y-prima-la-fuerza-joven_321867;;;;;;;;;;;;;;;;;;;;
;https://www.paginasiete.bo/nacional/ronderos-de-evo-operan-desde-hace-anos-como-la-policia-sindical-XF7236415;;;;;;;;;;;;;;;;;;;;
;https://www.paginasiete.bo/economia/jaime-duran-creer-que-la-gestora-sera-una-especie-de-caja-chica-es-totalmente-falso-KF7236396;;;;;;;;;;;;;;;;;;;;
;https://eldeber.com.bo/pais/arce-erogo-la-suma-mas-alta-de-los-ultimos-cinco-anos-para-comprar-gases-lacrimogenos_321781;;;;;;;;;;;;;;;;;;;;
;https://www.la-razon.com/nacional/2023/04/14/romero-insta-a-del-castillo-auditar-su-fortuna-recientemente-adquirida/;;;;;;;;;;;;;;;;;;;;
;https://www.la-razon.com/voces/2023/04/12/es-reversible-la-crisis-del-mas/;;;;;;;;;;;;;;;;;;;;
;https://elpais.com/babelia/2023-04-14/aldous-huxley-la-eternidad-es-tan-real-como-la-mierda.html;;;;;;;;;;;;;;;;;;;;
;https://eldeber.com.bo/pais/senadora-requena-denuncia-penalmente-a-director-del-servicio-de-areas-protegidas-por-no-cuidar-el-ma_321571;;;;;;;;;;;;;;;;;;;;
;https://eldeber.com.bo/pais/van-a-tirar-la-casa-por-la-ventana-sepa-los-detalles-de-la-boda-del-ano-en-oruro_321556;;;;;;;;;;;;;;;;;;;;
;https://www.paginasiete.bo/seguridad/fiscalia-de-santa-cruz-cierra-caso-de-robo-de-autos-en-chile-y-liberan-a-jefe-policial-implicado-AC7206323;;;;;;;;;;;;;;;;;;;;
;https://eldeber.com.bo/pais/al-menos-cuatro-sectores-se-movilizan-contra-el-paquete-de-leyes-mordaza_321289;;;;;;;;;;;;;;;;;;;;
;https://eldeber.com.bo/pais/el-sur-deL-TIPNIS-sufre-por-los-asentamientos-ilegales-de-sindicatos-cocaleros_320988;;;;;;;;;;;;;;;;;;;;
;https://www.la-razon.com/economia/2023/04/08/el-bcb-reconoce-uso-de-los-deg-para-fortalecer-la-liquidez-de-las-RIN/;;;;;;;;;;;;;;;;;;;;
;https://www.la-razon.com/ciudades/2023/04/11/uyuni-hoteleros-pagaron-us-90-000-para-evitar-toma/;;;;;;;;;;;;;;;;;;;;
;https://eldeber.com.bo/pais/toman-hoteles-en-el-salar-de-uyuni-y-amenazan-con-quemarlos-si-duenos-no-pagan-supuesta-deuda_320839;;;;;;;;;;;;;;;;;;;;
;https://eldeber.com.bo/edicion-impresa/tomas-ilegales-devaluan-precio-de-tierras-y-ahuyentan-a-inversionistas_320909;;;;;;;;;;;;;;;;;;;;
;https://www.la-razon.com/voces/2023/04/08/EL-MAS-COMO-EL-MNR/ ;;;;;;;;;;;;;;;;;;;;
;https://www.paginasiete.bo/seguridad/caen-dos-funcionarios-de-la-upre-por-robo-de-14-proyectos-en-gestion-de-evo-NF7070609;;;;;;;;;;;;;;;;;;;;
;https://elpais.com/economia/negocios/2023-04-11/bob-sternfels-mckinsey-el-mundo-va-hacia-la-diversificacion-comercial-no-a-un-desacoplamiento.html;;;;;;;;;;;;;;;;;;;;
;https://www.paginasiete.bo/nacional/gremiales-dan-plazo-de-72-horas-para-frenar-proyecto-de-ley-de-legitimacion-de-ganancias-ilicitas-JJ7029847;;;;;;;;;;;;;;;;;;;;
;https://www.paginasiete.bo/seguridad/suman-tres-meses-de-prision-para-apaza-y-le-abren-un-nuevo-proceso-NI7028539;;;;;;;;;;;;;;;;;;;;
;https://eldeber.com.bo/pais/comisionados-apuntan-a-siete-hallazgos-sobre-vulneracion-de-derechos-en-bolivia_320047;Justicia;;;;;;;;;;;;;;;;;;;
;https://eldeber.com.bo/pais/la-CIDH-concluye-en-su-informe-preliminar-justicia-debil-e-instrumentalizada-por-el-poder-politico-d_319960;;;;;;;;;;;;;;;;;;;;
;https://www.la-razon.com/nacional/2023/03/31/la-CIDH-afirma-que-la-justicia-es-altamente-dependiente-e-insta-a-la-concertacion-para-su-reforma/                                ;;;;;;;;;;;;;;;;;;;;
;https://eldeber.com.bo/dinero/gobierno-ve-factores-que-pueden-afectar-el-crecimiento-economico-de-bolivia-en-2023_334225;Economía;;;;;;;;;;;;;;;;;;;
;https://eldeber.com.bo/economia/BAJA-RIESGO-PAIS-de-bolivia-ANTE-MENOR-INCERTIDUMBRE-sobre-la-OFERTA-DE-DOLARES_334078;;;;;;;;;;;;;;;;;;;;
;https://eldeber.com.bo/economia/el-gobierno-aguarda-que-el-congreso-apruebe-seis-contratos-petroleros-que-viabilizan-inversion-de-us_333684;;;;;;;;;;;;;;;;;;;;
;https://eldeber.com.bo/economia/opositores-ven-que-la-intervencion-de-fassil-la-falta-de-dolares-y-la-subida-de-comisiones-de-bancos_333324;;;;;;;;;;;;;;;;;;;;
;https://eldeber.com.bo/edicion-impresa/ypfb-notifico-a-argentina-que-no-garantiza-envio-de-gas-en-2024_333363;;;;;;;;;;;;;;;;;;;;
;https://www.lostiempos.com/actualidad/pais/20230723/hidrocarburos-incentivos-produccion-baja-petroleras-devuelven-campos;;;;;;;;;;;;;;;;;;;;
;https://www.la-razon.com/energias-negocios/2023/07/07/bolivia-apronta-su-ingreso-en-la-ruta-del-hidrogeno-verde/;;;;;;;;;;;;;;;;;;;;
;https://eldeber.com.bo/edicion-impresa/importacion-de-combustibles-crece-cinco-veces-mas-en-dos-ultimos-anos_331080;;;;;;;;;;;;;;;;;;;;
;https://www.lostiempos.com/actualidad/economia/20230704/reducen-subvencion-combustibles-pero-alertan-menor-calidad;;;;;;;;;;;;;;;;;;;;
;https://www.la-razon.com/economia/2023/07/02/a-4-meses-continua-la-especulacion-y-la-escasez-de-dolares/;;;;;;;;;;;;;;;;;;;;
;https://www.la-razon.com/economia/2023/07/03/el-valor-de-las-exportaciones-de-GLP-cae-un-59-hasta-abril-de-2023/;;;;;;;;;;;;;;;;;;;;
;https://www.la-razon.com/economia/2023/07/01/ypfb-reduce-en-mas-del-100-el-desembolso-para-la-subvencion-de-combustibles/;;;;;;;;;;;;;;;;;;;;
;https://eldeber.com.bo/edicion-impresa/planta-de-carbonato-de-litio-tiene-un-93-de-avance-y-se-prepara-para-producir-15000-toneladas-metric_330849;;;;;;;;;;;;;;;;;;;;
;https://eldeber.com.bo/pais/denuncian-que-EMPRESAS-PRIVADAS-AMENAZAN-CON-DEFORESTACION-MASIVA-EN-EL-TIPNIS_330836;;;;;;;;;;;;;;;;;;;;
;https://eldeber.com.bo/economia/presidente-de-cainco-estamos-viviendo-el-primer-sintoma-de-lo-que-puede-ser-una-crisis-economica-muc_330786;;;;;;;;;;;;;;;;;;;;
;https://www.lostiempos.com/actualidad/economia/20230701/moodys-cambia-su-perspectiva-calificacion-bolivia-negativa;;;;;;;;;;;;;;;;;;;;
;https://www.lostiempos.com/actualidad/economia/20230701/pib-real-crecio-02-relacion-2019-milenio-observa-3-anos-estancamiento;;;;;;;;;;;;;;;;;;;;
;https://elpais.com/internacional/2023-06-30/bolivia-firma-convenios-con-una-empresa-china-y-otra-rusa-para-extraer-litio-de-sus-salares.html;;;;;;;;;;;;;;;;;;;;
;https://www.lostiempos.com/especial-multimedia/20230605/explotacion-oro-petroleo-afecta-seriamente-6-areas-protegidas;;;;;;;;;;;;;;;;;;;;
;https://www.lostiempos.com/actualidad/economia/20230630/analista-modificacion-ley-pensiones-responde-al-mas-solo-beneficiara-al;;;;;;;;;;;;;;;;;;;;
;https://www.lostiempos.com/actualidad/economia/20230630/bolivia-apunta-producir-65-mil-toneladas-al-ano-litio-liderar-mercado;;;;;;;;;;;;;;;;;;;;
;https://eldeber.com.bo/edicion-impresa/cainco-plantea-afrontar-la-crisis-del-dolar-con-rapido-impulso-a-5-rubros_330623;;;;;;;;;;;;;;;;;;;;
;https://www.paginasiete.bo/economia/proyecto-preve-subir-aportes-patronales-y-a-bs-5200-pension-solidaria-de-vejez-YD8306054;;;;;;;;;;;;;;;;;;;;
;https://eldeber.com.bo/economia/en-2016-se-descubrio-el-ultimo-campo-gasifero-en-bolivia-el-mas-antiguo-lleva-61-anos-operando-segun_330022;;;;;;;;;;;;;;;;;;;;
;https://www.lostiempos.com/actualidad/economia/20230715/ANDRONICO-SE-REUNE-CAINCO-se-compromete-promover-politicas;;;;;;;;;;;;;;;;;;;;
;https://eldeber.com.bo/edicion-impresa/alertan-que-FALTA-DE-DOLARES-POSTERGA-PROYECTOS-Y-RETRASA-ENTREGA-DE-OBRAS_332189;;;;;;;;;;;;;;;;;;;;
;https://eldeber.com.bo/economia/cae-la-inversion-extranjera-directa-en-bolivia-empujada-por-desinversion-en-hidrocarburos_332280;;;;;;;;;;;;;;;;;;;;
;https://eldeber.com.bo/economia/repsol-abandona-dos-campos-en-bolivia_332377;;;;;;;;;;;;;;;;;;;;
;https://eldeber.com.bo/pais/fiesta-juliana-arce-dice-que-se-han-ejecutado-mas-de-us-1160-millones-en-obras-para-la-paz-y-anuncia_332435;;;;;;;;;;;;;;;;;;;;
;https://www.lostiempos.com/actualidad/economia/20230714/inversion-extranjera-bolivia-us-610-mm-2022-cepal;;;;;;;;;;;;;;;;;;;;
;https://eldeber.com.bo/edicion-impresa/regiones-del-pais-se-privaran-de-us-681millones-al-paralizar-venta-de-gas-al-mercado-argentino_331913;;;;;;;;;;;;;;;;;;;;
;https://eldeber.com.bo/edicion-impresa/alertan-que-falta-de-dolares-posterga-proyectos-y-retrasa-entrega-de-obras_332189;;;;;;;;;;;;;;;;;;;;
;HTTPS://WWW.LOSTIEMPOS.COM/ACTUALIDAD/ECONOMIA/20230713/MILENIO-40-DEL-DEFICIT-FISCAL-2022-SE-FINANCIO-CREDITOS-DEL-BANCO;;;;;;;;;;;;;;;;;;;;
;https://www.lostiempos.com/actualidad/cochabamba/20230713/constantes-bloqueos-dejan-perdidas-us-200-mil-diarios-agropecuarios;;;;;;;;;;;;;;;;;;;;
;https://eldeber.com.bo/edicion-impresa/gobierno-inyecta-dolares-pero-la-divisa-escasea-en-los-bancos_332053;;;;;;;;;;;;;;;;;;;;
;https://www.lostiempos.com/oh/actualidad/20230710/nueva-era-bolivia-super-rally-negocio-del-litio ;;;;;;;;;;;;;;;;;;;;
;https://eldeber.com.bo/pais/la-cocaina-genera-millones-pero-ven-que-esos-dolares-fugan-a-brasil-y-paraguay_331685;;;;;;;;;;;;;;;;;;;;
;https://www.lostiempos.com/actualidad/pais/20230708/litio-boliviano-rusia-china-mientras-cuba-garantiza-estabilidad-politica;;;;;;;;;;;;;;;;;;;;
;https://eldeber.com.bo/dinero/declaran-desierta-licitacion-para-ingenieria-de-segunda-planta-de-amoniaco-y-urea-proyecto-de-us-129_331593;;;;;;;;;;;;;;;;;;;;
;https://eldeber.com.bo/economia/ingenios-azucareros-proponen-aumentar-su-generacion-electrica-de-120-a-350-megavatios_331660;;;;;;;;;;;;;;;;;;;;
;https://www.lostiempos.com/actualidad/economia/20230707/preven-invertir-us-3800-mm-extraer-litio-condiciones-aun-desconocidas;;;;;;;;;;;;;;;;;;;;
;https://eldeber.com.bo/pais/las-reservas-caen-en-mas-de-us-300-millones-entre-febrero-y-abril_331462;;;;;;;;;;;;;;;;;;;;
;https://eldeber.com.bo/impreso/senado-arce-contrata-deuda-a-un-ritmo-de-us-100-millones-por-mes_316532;;;;;;;;;;;;;;;;;;;;
;https://www.lostiempos.com/actualidad/pais/20230705/argentina-dejara-comprar-gas-boliviano-habilitar-gasoductos-2024-embajador;;;;;;;;;;;;;;;;;;;;
;https://www.lostiempos.com/actualidad/economia/20230704/analistas-dicen-que-fondo-incentivar-exploracion-liquidos-no-fue;;;;;;;;;;;;;;;;;;;;
;https://eldeber.com.bo/edicion-impresa/despues-del-estano-y-el-gas-natural-que_329978    ;;;;;;;;;;;;;;;;;;;;
;https://eldeber.com.bo/edicion-impresa/FRANKLIN-MOLINA-NOS-PODEMOS-QUEDAR-CON-EL-LITIO-BAJO-EL-SUBSUELO_329979;;;;;;;;;;;;;;;;;;;;
;https://eldeber.com.bo/economia/litio-gobierno-aclara-que-se-firmo-un-convenio-de-estudio-y-no-un-contrato-con-el-consorcio-chino-cb_329949;;;;;;;;;;;;;;;;;;;;
;https://eldeber.com.bo/economia/china-cbc-sube-oferta-de-inversion-de-us-1000-millones-a-1400-millones-en-la-primera-fase-industrial_329266 ;;;;;;;;;;;;;;;;;;;;
;https://eldeber.com.bo/impreso/aun-hay-13-millones-de-familias-bolivianas-que-carecen-de-vivienda-propia_321768;;;;;;;;;;;;;;;;;;;;
;https://elpais.com/america-futura/2023-06-23/de-la-amazonia-para-el-mundo-asi-deberia-ser-la-bioeconomia-de-la-region.html;;;;;;;;;;;;;;;;;;;;
;https://elpais.com/internacional/2023-06-22/bolivia-busca-el-apoyo-de-china-ante-su-primera-crisis-economica-en-dos-decadas.html;;;;;;;;;;;;;;;;;;;;
;https://eldeber.com.bo/economia/el-gobierno-preve-que-el-litio-promueva-la-instalacion-de-40-industrias-en-potosi-y-oruro_329596;;;;;;;;;;;;;;;;;;;;
;https://eldeber.com.bo/dinero/la-banca-registra-un-incremento-en-la-mora-y-una-caida-en-depositos-al-primer-cuatrimestre-de-2023_329627;;;;;;;;;;;;;;;;;;;;
;https://www.paginasiete.bo/economia/ypfb-baja-40-el-precio-de-la-importacion-de-gasolina-AJ8209345;;;;;;;;;;;;;;;;;;;;
;https://www.paginasiete.bo/nacional/ministro-anuncia-complejo-industrial-minero-en-el-rio-madre-de-dios-en-plena-amazonia-CC8224994;;;;;;;;;;;;;;;;;;;;
;https://www.paginasiete.bo/economia/gestora-anuncia-que-recupero-bs-10175-mm-en-cajas-de-ahorro-y-dpf-que-las-afp-dieron-al-banco-fassil-FY8203700;;;;;;;;;;;;;;;;;;;;
;https://eldeber.com.bo/edicion-impresa/bolivia-vende-a-argentina-la-mitad-del-gas-que-le-exportaba-hace-un-ano_329278;;;;;;;;;;;;;;;;;;;;
;https://www.paginasiete.bo/economia/largas-filas-en-surtidores-de-gasolina-y-reclamos-por-falta-de-glp-ypfb-dice-que-abastecimiento-es-normal-ED8173363;;;;;;;;;;;;;;;;;;;;
;https://eldeber.com.bo/edicion-impresa/precios-y-oferta-laboral-no-coinciden-con-los-indicadores-del-gobierno_328850  ;;;;;;;;;;;;;;;;;;;;
;https://www.paginasiete.bo/economia/luribay-apoyan-la-produccion-de-frutas-CA8103217;;;;;;;;;;;;;;;;;;;;
;https://www.la-razon.com/economia/2023/06/09/el-80-de-las-exportaciones-concentradas-en-5-productos/;;;;;;;;;;;;;;;;;;;;
;https://www.paginasiete.bo/economia/bcb-dice-que-demanda-de-dolares-bajo-de-us-81-mm-en-marzo-a-us-21-mm-en-mayo-NC8015249;;;;;;;;;;;;;;;;;;;;
;https://eldeber.com.bo/pais/el-mas-aprobo-con-voto-secreto-credito-del-bid-de-us-500-millones-y-suspendio-otro-de-us-52-millones_327985;;;;;;;;;;;;;;;;;;;;
;https://eldeber.com.bo/economia/banco-mundial-rebaja-prevision-de-crecimiento-economico-para-bolivia-y-proyecta-un-pib-del-25_327839;;;;;;;;;;;;;;;;;;;;
;https://eldeber.com.bo/economia/banco-central-de-bolivia-y-entidades-financieras-destinan-us-650-millones-para-responder-a-la-demand_327804;;;;;;;;;;;;;;;;;;;;
;https://eldeber.com.bo/economia/la-exportacion-del-volumen-de-gas-cae-un-1974-al-primer-trimestre-de-este-ano_327631;;;;;;;;;;;;;;;;;;;;
;https://eldeber.com.bo/pais/siete-productos-vitales-son-llevados-al-sur-de-peru-por-12-vias-ilegales_327509;;;;;;;;;;;;;;;;;;;;
;https://www.paginasiete.bo/ideas/los-nuevos-desafios-de-la-globalizacion-KK7950826;;;;;;;;;;;;;;;;;;;;
;https://eldeber.com.bo/edicion-impresa/la-deuda-del-gobierno-a-las-regiones-por-el-impuesto-a-los-hidrocarburos-suma-bs-300-millones_327437;;;;;;;;;;;;;;;;;;;;
;https://eldeber.com.bo/edicion-impresa/la-escasez-de-dolares-empuja-a-las-empresas-hacia-un-alza-de-precios_327439;;;;;;;;;;;;;;;;;;;;
;https://www.paginasiete.bo/economia/anapo-la-produccion-de-soya-y-otros-esta-estancada-urge-seguridad-juridica-y-desalojar-a-quienes-avasallan-tierras-KK7941369;;;;;;;;;;;;;;;;;;;;
;https://eldeber.com.bo/economia/china-ratifica-su-intencion-de-abrir-al-menos-un-banco-en-bolivia_327206;;;;;;;;;;;;;;;;;;;;
;https://eldeber.com.bo/pais/el-nuevo-interventor-de-fassil-formo-parte-del-directorio-del-banco-union-en-las-gestiones-de-evo-y-_327074;;;;;;;;;;;;;;;;;;;;
;https://elpais.com/internacional/2023-05-28/el-milagro-economico-boliviano-cruje-por-la-falta-de-dolares.html;;;;;;;;;;;;;;;;;;;;
;https://eldeber.com.bo/edicion-impresa/OCHO-ALIMENTOS-SUBEN-DE-PRECIO-Y-CONTRASTAN-CON-LA-BAJA-INFLACION_325779;;;;;;;;;;;;;;;;;;;;
;https://www.paginasiete.bo/economia/persiste-bloqueo-por-el-diesel-y-gobierno-dice-que-no-derogara-decretos-cuestionados-MD7713781;;;;;;;;;;;;;;;;;;;;
;https://www.paginasiete.bo/economia/arce-anuncia-creacion-de-la-empresa-industria-boliviana-quimica-con-una-inversion-de-bs-3409-millones-FB7407744;;;;;;;;;;;;;;;;;;;;
;https://www.paginasiete.bo/economia/gobierno-y-cob-acuerdan-incremento-salarial-de-3-al-haber-basico-y-un-5-al-minimo-nacional-HK7408180;;;;;;;;;;;;;;;;;;;;
;https://eldeber.com.bo/pais/la-ley-del-oro-se-hizo-viable-con-11-votos-de-cc-y-ahora-buscan-a-los-transfugas_322879;;;;;;;;;;;;;;;;;;;;
;https://www.paginasiete.bo/nacional/encuesta-la-mayoria-dice-que-hay-crisis-economica-fuerte-y-que-arce-no-tiene-capacidad-para-resolverla-FD7858412;;;;;;;;;;;;;;;;;;;;
;https://www.paginasiete.bo/economia/comerciantes-advierten-con-paro-si-el-gobierno-no-asume-acciones-por-el-alza-del-precio-de-pollo-LL7683409;;;;;;;;;;;;;;;;;;;;
;https://www.la-razon.com/economia/2023/05/16/devolucion-de-depositos-del-FASSIL-en-dolares-se-hara-al-cambio-oficial-de-venta-para-aminorar-la-conversion/;;;;;;;;;;;;;;;;;;;;
;https://eldeber.com.bo/pais/ASFI-ESTABLECIO-QUE-DEPOSITOS-EN-DOLARES-DE-FASSIL-SERAN-DEVUELTOS-EN-BOLIVIANOS-hay-temor-de-que-es_324969;;;;;;;;;;;;;;;;;;;;
;https://www.paginasiete.bo/economia/empresarios-crucenos-a-favor-de-un-banco-chino-en-bolivia-para-realizar-comercio-en-yuanes-ED7630053;;;;;;;;;;;;;;;;;;;;
;https://www.paginasiete.bo/opinion/columnistas/crisis-udp-bonanza-mas-FX7642403;;;;;;;;;;;;;;;;;;;;
;https://eldeber.com.bo/edicion-impresa/revelan-que-ypfb-debe-a-petroleras-por-el-gas-que-exporta-a-argentina_323934;;;;;;;;;;;;;;;;;;;;
;https://www.la-razon.com/economia/2023/05/03/solo-el-336-de-los-asegurados-al-SIP%e2%80%88aporta-regularmente/;;;;;;;;;;;;;;;;;;;;
;https://eldeber.com.bo/economia/la-precarizacion-laboral-crece-la-gente-acepta-salarios-bajos-por-escasez-de-trabajo_323512;;;;;;;;;;;;;;;;;;;;
;https://www.paginasiete.bo/economia/ASOBAN-indicadores-financieros-muestran-que-el-sector-bancario-goza-de-solvencia-y-fortaleza-EM7439170;;;;;;;;;;;;;;;;;;;;
;https://www.paginasiete.bo/opinion/columnistas/la-madre-de-todos-los-desbarajustes-IA7424183    ;;;;;;;;;;;;;;;;;;;;
;https://www.paginasiete.bo/economia/entre-2016-y-2022-la-gestora-gasto-us-316-mm-de-los-cuales-el-50-fue-para-gasto-corriente-YK7369735;;;;;;;;;;;;;;;;;;;;
;https://www.paginasiete.bo/portada/bajo-presion-el-gobierno-debe-pagar-us-1550-MM-por-servicio-de-deuda-NM7349681;;;;;;;;;;;;;;;;;;;;
;https://www.paginasiete.bo/portada/gabinete-la-derecha-planto-idea-de-crisis-economica-para-acortar-gestion-de-arce-DN7348423;;;;;;;;;;;;;;;;;;;;
;https://www.paginasiete.bo/nacional/arcistas-fuerzan-la-ley-del-oro-sin-tener-la-mayoria-absoluta-en-la-asamblea-YH7339551;;;;;;;;;;;;;;;;;;;;
;https://www.paginasiete.bo/economia/estudio-bolivia-invierte-us-432-mm-por-ano-en-hidrocarburos-y-mineria-en-turismo-solo-us-78-MM-CY7302015;;;;;;;;;;;;;;;;;;;;
;https://www.paginasiete.bo/economia/fundacion-tierra-propone-seis-medidas-para-enfrentar-los-problemas-economicos-NC7307179;;;;;;;;;;;;;;;;;;;;
;https://www.paginasiete.bo/economia/en-los-ultimos-5-anos-de-evo-se-perdieron-us-8293-mm-de-rin-mas-que-con-anez-y-arce-juntos-FF7315788;;;;;;;;;;;;;;;;;;;;
;https://eldeber.com.bo/economia/tras-desplome-por-crisis-en-el-pais-los-bonos-soberanos-de-bolivia-se-recuperan-un-52_322416;;;;;;;;;;;;;;;;;;;;
;https://eldeber.com.bo/economia/gobierno-dice-que-creciente-gasto-en-planilla-de-funcionarios-se-debe-a-nuevos-items-y-alzas-salaria_321830;;;;;;;;;;;;;;;;;;;;
;https://www.paginasiete.bo/economia/ministro-molina-dice-que-ley-de-hidrocarburos-cumplio-su-ciclo-y-anuncia-una-ley-de-asociaciones-EE7240886;;;;;;;;;;;;;;;;;;;;
;https://eldeber.com.bo/edicion-impresa/ESM-preve-duplicar-exportacion-de-hierro-y-el-nuevo-mercado-es-africa_321869;;;;;;;;;;;;;;;;;;;;
;https://www.paginasiete.bo/economia/montenegro-dice-que-el-BCB-repone-las-RIN-EF7236776;;;;;;;;;;;;;;;;;;;;
;https://eldeber.com.bo/edicion-impresa/en-10-anos-se-duplico-el-presupuesto-para-los-salarios-de-los-funcionarios-del-estado_321787;;;;;;;;;;;;;;;;;;;;
;https://eldeber.com.bo/edicion-impresa/FALTA-DE-DOLARES-ENCARECE-LA-PRODUCCION-Y-PREVEN-EL-AUMENTO-DE-LOS-PRECIOS_320859;;;;;;;;;;;;;;;;;;;;
;https://www.paginasiete.bo/economia/dolares-librecambistas-ya-compran-en-bs-7-y-los-venden-hasta-en-bs-750-GE7204495;;;;;;;;;;;;;;;;;;;;
;https://www.paginasiete.bo/seguridad/narcos-bolivianos-de-exportacion-el-fantasma-y-el-financiador-sandoval-FA7130546;;;;;;;;;;;;;;;;;;;;
;https://eldeber.com.bo/dinero/agropecuarios-advierten-que-escasez-de-divisas-impactara-en-la-produccion-de-alimentos_321432;;;;;;;;;;;;;;;;;;;;
;https://www.paginasiete.bo/nacional/arce-dice-que-la-economia-esta-bien-y-que-no-se-tocara-el-tipo-de-cambio-ni-la-subvencion-DB7175216;;;;;;;;;;;;;;;;;;;;
;https://eldeber.com.bo/pais/Arce-dice-que-falta-de-dolares-es-un-efecto-transitorio-y-DESCARTA-DEVALUACION_321297;;;;;;;;;;;;;;;;;;;;
;https://eldeber.com.bo/santa-cruz/estos-son-los-cuatro-pilares-de-la-propuesta-de-pacto-fiscal-de-la-gobernacion-que-apunta-al-federal_321099;;;;;;;;;;;;;;;;;;;;
;https://www.lostiempos.com/actualidad/economia/20230410/evo-dice-que-subvencion-combustibles-es-cancer-pide-analizar-su;;;;;;;;;;;;;;;;;;;;
;https://www.paginasiete.bo/economia/advierten-tres-riesgos-con-la-gestora-y-piden-mayor-fiscalizacion-independiente-DJ7139454;;;;;;;;;;;;;;;;;;;;
;https://www.la-razon.com/voces/2023/04/08/el-TIEMPO-DE-LA-DUDA/  ;;;;;;;;;;;;;;;;;;;;
;https://www.paginasiete.bo/economia/BOLIVIA-SE-GASTA-US-480-MM-DE-LOS-DEG-Y-BCB-NO-INFORMA-sobre-las-RIN-JX7123812;;;;;;;;;;;;;;;;;;;;
;https://www.lostiempos.com/oh/actualidad/20230402/GRANDES-BENEFICIARIOS-PASADA-BONANZA-BOLIVIANA;;;;;;;;;;;;;;;;;;;;
;https://eldeber.com.bo/edicion-impresa/entidades-del-estado-deben-bs-700-millones-a-empresas-constructoras_320280;;;;;;;;;;;;;;;;;;;;
;https://www.paginasiete.bo/ecoomia/un-centenar-de-empresas-exportadoras-son-las-que-manejan-los-dolares-del-pais-GK7048923;;;;;;;;;;;;;;;;;;;;
;https://www.paginasiete.bo/economia/compra-y-venta-de-casas-y-vehiculos-asi-como-anticreticos-se-cotizan-con-el-DOLAR-PARALELO-EI7028107;;;;;;;;;;;;;;;;;;;;
;https://eldeber.com.bo/economia/jean-pierre-antelo-posesionado-presidente-de-la-cainco-la-politica-se-comio-a-la-gestion_319985;;;;;;;;;;;;;;;;;;;;
;https://eldeber.com.bo/santa-cruz/gobernacion-observa-un-incremento-de-casi-us-7-millones-en-su-contraparte-en-el-proyecto-las-cruces-_334218;Corrupción;;;;;;;;;;;;;;;;;;;
;https://eldeber.com.bo/economia/caso-fassil-audiencia-de-accion-de-libertad-ordena-el-retorno-de-los-cuadernos-de-investigacion-a-SC_334142;;;;;;;;;;;;;;;;;;;;
;https://eldeber.com.bo/pais/comando-de-la-policia-dispone-la-baja-definitiva-del-capitan-javier-alberti-acusado-de-multiples-act_334179;;;;;;;;;;;;;;;;;;;;
;https://eldeber.com.bo/pais/aduanas-de-arica-incauta-dos-toneladas-de-droga-oculta-en-madera-proveniente-de-bolivia_334163;;;;;;;;;;;;;;;;;;;;
;https://www.la-razon.com/sociedad/2023/07/28/abogado-denuncia-fuerte-blindaje-a-favor-de-agresor-de-nino/;;;;;;;;;;;;;;;;;;;;
;https://eldeber.com.bo/pais/FENCOMIN-reacciona-por-detencion-de-dragueros-y-lanza-ultimatum-al-gobierno_334028;;;;;;;;;;;;;;;;;;;;
;https://eldeber.com.bo/pais/revelan-que-un-viceministro-de-anez-atestiguo-pago-de-murillo-a-huarachi-en-2019_334251;;;;;;;;;;;;;;;;;;;;
;https://eldeber.com.bo/pais/omar-ramirez-habla-del-pago-de-una-coima-de-arturo-murillo-a-la-cob-y-dirigentes-campesinos-del-mas_334025;;;;;;;;;;;;;;;;;;;;
;https://eldeber.com.bo/pais/cerrajero-que-abrio-las-puertas-de-la-APDHB-encontro-las-chapas-con-pegamento_333704;;;;;;;;;;;;;;;;;;;;
;https://eldeber.com.bo/pais/fiscalia-dice-que-no-fue-notificada-sobre-el-traslado-del-caso-FASSIL-a-la-paz-y-niega-contaminacion_333679;;;;;;;;;;;;;;;;;;;;
;https://eldeber.com.bo/pais/exigiran-informes-a-los-ministerios-de-gobierno-y-de-justicia-por-la-avioneta-que-cayo-en-argentina-_333583;;;;;;;;;;;;;;;;;;;;
;https://eldeber.com.bo/la-paz/ante-transacciones-bancarias-sospechosas-inician-nuevo-proceso-en-contra-del-exministro-santos_333574;;;;;;;;;;;;;;;;;;;;
;https://eldeber.com.bo/pais/liberan-a-acusados-de-quemar-casa-de-albarracin_333144;;;;;;;;;;;;;;;;;;;;
;https://eldeber.com.bo/pais/ven-intereses-de-magistrados-por-demora-del-tcp-sobre-judiciales_332862;;;;;;;;;;;;;;;;;;;;
;https://www.lostiempos.com/actualidad/seguridad/20230719/presumen-que-10-toneladas-droga-salieron-bolivia;;;;;;;;;;;;;;;;;;;;
;https://www.lostiempos.com/actualidad/seguridad/20230719/fiscalia-aprehende-al-jefe-maximo-felcn-aeropuerto-viru-viru-caso;;;;;;;;;;;;;;;;;;;;
;https://www.lostiempos.com/actualidad/pais/20230718/salazar-cruz-acentuan-hostigamiento-carvajal-pese-resolucion-judicial;;;;;;;;;;;;;;;;;;;;
;https://eldeber.com.bo/pais/indigenas-denuncian-que-hay-300-dragas-sacando-oro-en-el-rio-madre-de-dios_332561;;;;;;;;;;;;;;;;;;;;
;https://eldeber.com.bo/pais/MEXICO-CHICO-EL-PUEBLO-DONDE-EL-NARCO-Y-LOS-AUTOS-ROBADOS-pasan-sin-control_332552;;;;;;;;;;;;;;;;;;;;
;https://www.la-razon.com/nacional/2023/07/13/la-justicia-dicta-detencion-domiciliaria-para-el-exviceminstro-valda-por-el-caso-coimas/;;;;;;;;;;;;;;;;;;;;
;https://eldeber.com.bo/pais/agemed-ordena-retirar-medicamento-que-causa-reacciones-adversas-a-pacientes-luego-de-autorizar-su-im_332129;;;;;;;;;;;;;;;;;;;;
;https://data.eldeber.com.bo/seccion/NIBOLIVIACAMBIONIEVOCUMPLIO/;;;;;;;;;;;;;;;;;;;;
;https://eldeber.com.bo/pais/oposicion-ve-en-evo-cumple-obras-con-fin-electoral-y-desvio-de-fondos_332193;;;;;;;;;;;;;;;;;;;;
;https://eldeber.com.bo/santa-cruz/padres-del-nino-que-denuncio-la-violacion-en-un-colegio-particular-piden-no-dejar-enfriar-la-investi_332163;;;;;;;;;;;;;;;;;;;;
;https://www.la-razon.com/nacional/2023/07/12/sellos-de-droga-hallados-en-el-chapare-son-los-mismos-que-llevaban-los-paquetes-del-NARCOVUELO/;;;;;;;;;;;;;;;;;;;;
;https://www.lostiempos.com/actualidad/seguridad/20230711/defensoria-del-pueblo-cerro-indagaciones-caso-aramayo-gestion-nadia;;;;;;;;;;;;;;;;;;;;
;https://www.lostiempos.com/actualidad/economia/20230712/ARCE-PAZ-PRODUCE-OLEAGINOSAS-BIODIESEL;;;;;;;;;;;;;;;;;;;;
;https://www.lostiempos.com/actualidad/economia/20230712/litio-dano-economico-no-se-limita-us-105-mm-que-figuran-proceso;;;;;;;;;;;;;;;;;;;;
;https://www.lostiempos.com/actualidad/seguridad/20230712/aprehenden-otro-policia-implicado-narcovuelo;;;;;;;;;;;;;;;;;;;;
;https://eldeber.com.bo/pais/surgen-INDICIOS-DE-PREBENDA-A-DIRIGENTES-y-creen-que-fue-PARA-EVITAR-TOCAR-AL-GABINETE_331891;;;;;;;;;;;;;;;;;;;;
;https://www.lostiempos.com/actualidad/pais/20230710/diputado-creemos-llama-choquehuanca-avatar-aimara-critica-su-discurso-odio;;;;;;;;;;;;;;;;;;;;
;https://www.lostiempos.com/actualidad/pais/20230710/vicepresidente-citadinos-algunos-ni-lavarse-cabeza-saben-bien-flojos;;;;;;;;;;;;;;;;;;;;
;https://eldeber.com.bo/pais/los-atacantes-del-camionero-de-challapata-estan-libres-y-chile-pide-cita-de-alto-nivel_331884;;;;;;;;;;;;;;;;;;;;
;https://eldeber.com.bo/pais/choferes-bloquean-oruro-por-la-detencion-de-sus-afiliados-acusados-de-narcotrafico_331827;;;;;;;;;;;;;;;;;;;;
;https://eldeber.com.bo/pais/imputan-a-exministro-de-evo-por-presuntas-irregularidades-en-el-manejo-del-litio_331871;;;;;;;;;;;;;;;;;;;;
;https://eldeber.com.bo/santa-cruz/justicia-dispone-cesacion-a-la-detencion-preventiva-en-favor-de-angelica-sosa-por-el-caso-contratos-_331880;;;;;;;;;;;;;;;;;;;;
;https://www.lostiempos.com/actualidad/pais/20230708/camion-robado-chile-hallado-challapata-genera-conflictos-alertan;;;;;;;;;;;;;;;;;;;;
;https://www.lostiempos.com/actualidad/pais/20230708/pobladores-mapiri-acuerdan-evitar-peleas-explotacion-oro-piden-retiro;;;;;;;;;;;;;;;;;;;;
;https://eldeber.com.bo/pais/piden-investigar-patrimonio-y-llamadas-entre-eber-rojas-y-juan-santos-por-el-caso-coimas_331614;;;;;;;;;;;;;;;;;;;;
;https://www.la-razon.com/nacional/2023/07/05/CASO-PRESTIN-genero-al-menos-bs-300-millones-de-dano-economico-a-santa-cruz/;;;;;;;;;;;;;;;;;;;;
;https://www.lostiempos.com/actualidad/pais/20230705/cambio-comision-fiscales-caso-narcovuelo-genera-criticas;;;;;;;;;;;;;;;;;;;;
;https://www.lostiempos.com/actualidad/pais/20230705/director-del-SERNAP-reconoce-que-embarazo-funcionaria-se-compromete-pasar;;;;;;;;;;;;;;;;;;;;
;https://eldeber.com.bo/pais/ENVIARON17-TONELADAS-DE-DROGA-EN-CARGA-LEGAL_331179;;;;;;;;;;;;;;;;;;;;
;https://www.lostiempos.com/actualidad/pais/20230704/exigen-ministro-explicar-denuncias-acoso-sexual-laboral-contra-director-del;;;;;;;;;;;;;;;;;;;;
;https://eldeber.com.bo/santa-cruz/aprehenden-a-10-soldados-y-un-oficial-involucrados-en-el-robo-de-rieles-en-montero_331160;;;;;;;;;;;;;;;;;;;;
;https://www.lostiempos.com/actualidad/pais/20230704/procuraduria-impugno-fuera-plazo-cierre-del-caso-abc-diputado-solo-sirve;;;;;;;;;;;;;;;;;;;;
;https://eldeber.com.bo/pais/fiscalia-confirma-que-se-archivo-el-caso-coimas-en-abc-y-dicta-sobreseimiento-definitivo_331041;;;;;;;;;;;;;;;;;;;;
;https://eldeber.com.bo/pais/unitas-detecta-768-violaciones-a-derechos-fundamentales-desde-el-estado-en-2022_331051;;;;;;;;;;;;;;;;;;;;
;https://eldeber.com.bo/pais/caso-narcovuelo-fiscalia-emite-nuevas-citaciones-para-funcionarios-de-naabol-felcn-y-aduana-en-cocha_331057;;;;;;;;;;;;;;;;;;;;
;https://eldeber.com.bo/pais/bolivia-ya-figura-como-proveedora-de-cocaina-a-31-paises-de-tres-continentes_331068;;;;;;;;;;;;;;;;;;;;
;https://www.lostiempos.com/actualidad/pais/20230704/ministro-mineria-tiene-dictamen-contraloria-devolver-us-500-mil;;;;;;;;;;;;;;;;;;;;
;https://www.lostiempos.com/actualidad/seguridad/20230701/suspenden-jueces-ahora-piden-retiro-policias-asesinato-nino-yapacani;;;;;;;;;;;;;;;;;;;;
;https://www.la-razon.com/economia/2023/07/08/se-desconoce-destino-de-us-500-millones-que-salieron-del-banco-fassil/;;;;;;;;;;;;;;;;;;;;
;https://www.lostiempos.com/actualidad/opinion/20230708/editorial/pobre-desempeno-FELCN;;;;;;;;;;;;;;;;;;;;
;https://www.lostiempos.com/actualidad/cochabamba/20230630/leyes-suma-3-sentencias-caso-mochilas-ii;;;;;;;;;;;;;;;;;;;;
;https://www.lostiempos.com/actualidad/pais/20230630/defensa-testigo-caso-coimas-ratifica-que-lider-campesino-recibio-dinero;;;;;;;;;;;;;;;;;;;;
;https://www.lostiempos.com/actualidad/seguridad/20230630/aparecen-otras-25-victimas-acoso-sexual-apuntan-mas-docentes-umss;;;;;;;;;;;;;;;;;;;;
;https://eldeber.com.bo/santa-cruz/el-bloqueo-en-santa-fe-se-mantiene-tras-romperse-el-dialogo-con-representantes-del-consejo-de-la-mag_330583;;;;;;;;;;;;;;;;;;;;
;https://eldeber.com.bo/pais/el-narcovuelo-pudo-salir-de-cochabamba-y-no-de-viru-viru-segun-pesquisas_330497;;;;;;;;;;;;;;;;;;;;
;https://eldeber.com.bo/pais/acusan-a-cruz-de-enviar-bs-70000-a-los-sectores-sociales-de-pando_330614;;;;;;;;;;;;;;;;;;;;
;https://eldeber.com.bo/pais/chuquisaca-dos-bailarinas-de-ballet-piden-ayuda-a-policias-para-que-las-lleven-a-su-casa-y-una-es-vi_330392;;;;;;;;;;;;;;;;;;;;
;https://eldeber.com.bo/pais/cambian-al-viceministro-de-coca-en-medio-de-denuncias-de-irregularidades-en-donaciones_330500;;;;;;;;;;;;;;;;;;;;
;https://eldeber.com.bo/edicion-impresa/el-viaje-de-eva-copa-con-destino-al-revocatorio_330458;;;;;;;;;;;;;;;;;;;;
;https://eldeber.com.bo/pais/lider-campesino-declara-por-el-caso-coima-y-ratifican-que-el-recibio-dinero_330496;;;;;;;;;;;;;;;;;;;;
;https://eldeber.com.bo/pais/el-narcovuelo-pudo-salir-de-cochabamba-y-no-de-viru-viru-segun-pesquisas_330497;;;;;;;;;;;;;;;;;;;;
;https://www.paginasiete.bo/sociedad/fiscalia-35-sacerdotes-son-investigados-por-pederastia-CY8346712;;;;;;;;;;;;;;;;;;;;
;https://www.paginasiete.bo/seguridad/fiscalia-cita-a-declarar-al-ejecutivo-de-la-CSUTCB-por-caso-coimas-en-el-ministerio-de-medio-ambiente-YA8323537;;;;;;;;;;;;;;;;;;;;
;https://eldeber.com.bo/pais/ante-denuncia-de-que-policia-y-fiscalia-usan-autos-de-nallar-estos-callan-y-diputados-piden-informes_330164;;;;;;;;;;;;;;;;;;;;
;https://eldeber.com.bo/pais/del-castillo-respondera-preguntas-de-hace-un-ano-sobre-robo-de-autos-en-chile_330175;;;;;;;;;;;;;;;;;;;;
;https://eldeber.com.bo/pais/suman-bs-52-millones-al-mes-sueldos-de-legisladores-y-generan-otros-gastos_330185;;;;;;;;;;;;;;;;;;;;
;https://eldeber.com.bo/pais/eeuu-pidio-extradicion-de-davila-dos-veces-fiscalia-y-gobierno-no-respondieron_330172;;;;;;;;;;;;;;;;;;;;
;https://www.paginasiete.bo/seguridad/desde-robo-hastA-CORRUPCION-7-HECHOS-DELICTIVOS-ENLODAN-A-EMAVIAS-DESDE-2014-FB8298979;;;;;;;;;;;;;;;;;;;;
;https://eldeber.com.bo/edicion-impresa/decalogo-anticorrupcion_330065 ;;;;;;;;;;;;;;;;;;;;
;https://eldeber.com.bo/pais/diputado-alarcon-cuestiona-la-compra-de-500-tobilleras-electronicas-antes-que-la-ley-hubiera-sido-ap_329757;;;;;;;;;;;;;;;;;;;;
;https://eldeber.com.bo/pais/red-de-corrupcion-en-el-ministerio-medio-ambiente-alcanza-a-ocho-exfuncionarios-a-familiares-y-dos-e_329795;;;;;;;;;;;;;;;;;;;;
;https://eldeber.com.bo/santa-cruz/narcovuelo-aprehenden-a-una-funcionaria-de-boa-y-ya-suman-a-nueve-los-capturados_329777;;;;;;;;;;;;;;;;;;;;
;https://www.paginasiete.bo/nacional/en-cinco-meses-tres-paises-detectaron-cinco-narcovuelos-provenientes-de-bolivia-YE8273809;;;;;;;;;;;;;;;;;;;;
;https://www.paginasiete.bo/sociedad/luego-de-que-la-iglesia-lo-declaro-inocente-el-padre-coco-fue-aprehendido-por-abuso-sexual-XB8276909;;;;;;;;;;;;;;;;;;;;
;https://www.paginasiete.bo/nacional/9-ministros-declararon-tener-bienes-menores-a-bs-200-mil-NF8263087;;;;;;;;;;;;;;;;;;;;
;https://eldeber.com.bo/pais/crimen-de-porongo-cumple-un-ano-y-ven-senales-de-proteccion-al-narco_329578;;;;;;;;;;;;;;;;;;;;
;https://eldeber.com.bo/pais/coimas-millonarias-investigan-a-un-quinto-involucrado-y-el-gobierno-pide-su-aprehension_329646;;;;;;;;;;;;;;;;;;;;
;https://www.paginasiete.bo/economia/caso-ypfb-romero-y-morales-ven-que-presidente-de-la-estatal-petrolera-se-acorrala-asimismo-EC8242987;;;;;;;;;;;;;;;;;;;;
;https://www.paginasiete.bo/seguridad/sospechan-que-juan-santos-monto-2-empresas-para-lavar-dinero-de-coimas-YH8229375;;;;;;;;;;;;;;;;;;;;
;https://eldeber.com.bo/edicion-impresa/valda-va-a-la-carcel-por-coimas-y-en-sucre-lo-denuncian-por-seis-obras_329431;;;;;;;;;;;;;;;;;;;;
;https://eldeber.com.bo/pais/arce-presenta-un-proyecto-de-ley-contra-la-corrupcion-que-entrega-su-control-al-gobierno_329430;;;;;;;;;;;;;;;;;;;;
;https://www.paginasiete.bo/seguridad/reporte-6000-autos-robados-en-2022-en-chile-circulan-en-bolivia-XJ8209000;;;;;;;;;;;;;;;;;;;;
;https://eldeber.com.bo/pais/dirigente-revela-apoyo-del-gobierno-para-viajar-a-santa-cruz-en-el-paro_329283;;;;;;;;;;;;;;;;;;;;
;https://www.paginasiete.bo/seguridad/contrabando-narcotrafico-y-crimen-organizado-toman-7-urbes-fronterizas-IA8200497;;;;;;;;;;;;;;;;;;;;
;https://eldeber.com.bo/pais/dirigente-campesino-niega-haber-recibido-coima-admite-que-el-gobierno-le-dio-plata_329013;;;;;;;;;;;;;;;;;;;;
;https://www.paginasiete.bo/seguridad/fiscalia-informa-que-admitio-caso-ypfb-en-abril-y-que-declaro-Dorgathen-exministra-de-evo-dice-que-es-mentira-FH8191623;;;;;;;;;;;;;;;;;;;;
;https://eldeber.com.bo/pais/caso-ypfb-se-investiga-desde-abril-ya-declaro-Dorgathen-y-piden-convocar-al-hijo-del-presidente-arce_328977;;;;;;;;;;;;;;;;;;;;
;https://www.paginasiete.bo/seguridad/viceministra-rios-afirma-que-la-testigo-del-caso-coimas-dio-informacion-dispersa-y-sin-respaldo-EH8191512;;;;;;;;;;;;;;;;;;;;
;https://www.paginasiete.bo/seguridad/testigo-afirmo-que-valda-manejo-todas-las-contrataciones-en-2021-cuando-se-cobraron-coimas-CJ8193224 ;;;;;;;;;;;;;;;;;;;;
;https://eldeber.com.bo/pais/fiscalia-cita-a-viceministro-valda-por-el-caso-coimas-millonarias-y-queda-aprehendido_329118;;;;;;;;;;;;;;;;;;;;
;https://www.paginasiete.bo/nacional/AVERGONZADO-POR-LO-QUE-PASO-EN-BOLIVIA-PAPA-FRANCISCO-espera-reparar-injusticias-GD8173888;;;;;;;;;;;;;;;;;;;;
;https://www.lostiempos.com/especial-multimedia/20230507/DIARIO-DEL-PADRE-PICA-ACUSADO-ABUSAR-SEXUALMENTE-85-NINOS-SACUDE;;;;;;;;;;;;;;;;;;;;
;https://www.paginasiete.bo/economia/no-hay-peces-gordos-en-la-carcel-y-el-contrabando-mueve-us-3331-mm-y-afecta-a-38000-industrias-XN8168624;;;;;;;;;;;;;;;;;;;;
;https://www.paginasiete.bo/seguridad/el-exministro-santos-utilizo-el-dinero-de-coimas-para-carreras-de-autos-AD8173156;;;;;;;;;;;;;;;;;;;;
;https://eldeber.com.bo/pais/narcovuelo-se-investiga-por-cuatro-vias-ven-omisiones-y-hay-desconfianza_329009;;;;;;;;;;;;;;;;;;;;
;https://www.paginasiete.bo/seguridad/csutcb-red-de-trafico-de-coca-donada-burlo-nueve-filtros-de-verificacion-en-viceministerio-JD8151957;;;;;;;;;;;;;;;;;;;;
;https://eldeber.com.bo/pais/diputados-evistas-que-denuncian-corrupcion-estamos-viendo-como-se-estan-suicidando-se-esta-matando-a_328824;;;;;;;;;;;;;;;;;;;;
;https://www.paginasiete.bo/seguridad/caso-coimas-testigo-clave-revela-que-entrego-dinero-hasta-en-un-desfile-por-el-dia-del-mar-ND8140078;;;;;;;;;;;;;;;;;;;;
;https://eldeber.com.bo/pais/testigo-clave-del-caso-coimas-dijo-que-vio-pago-de-us-10000-a-un-dirigente-campesino_328851;;;;;;;;;;;;;;;;;;;;
;https://eldeber.com.bo/pais/testigo-clave-del-caso-coimas-en-medio-ambiente-revelara-nombres-de-un-viceministro-y-funcionarios-i_328545;;;;;;;;;;;;;;;;;;;;
;https://eldeber.com.bo/pais/fiscalia-desestima-demanda-contra-ministros-por-el-narcovuelo-y-abogados-preparan-objecion_328551;;;;;;;;;;;;;;;;;;;;
;https://www.paginasiete.bo/nacional/quien-borro-imagenes-de-camaras-evo-acusa-al-gobierno-de-ocultar-informacion-en-casos-colodro-y-narcovuelo-XM8086725;;;;;;;;;;;;;;;;;;;;
;https://eldeber.com.bo/pais/del-castillo-insiste-en-investigar-a-tripulante-extranjero-de-la-empresa-wamos-air_328309;;;;;;;;;;;;;;;;;;;;
;https://www.paginasiete.bo/sociedad/docente-de-la-umsa-que-denuncio-irregularidades-ahora-es-procesado-FJ8083546;;;;;;;;;;;;;;;;;;;;
;https://www.paginasiete.bo/nacional/narcovuelo-boa-notifico-a-la-felcn-la-carga-sospechosa-en-febrero-BI8082663;;;;;;;;;;;;;;;;;;;;
;https://eldeber.com.bo/pais/narcovuelo-evo-asegura-que-altas-autoridades-conocian-de-un-pago-adelantado-de-millones-de-dolares_328144;;;;;;;;;;;;;;;;;;;;
;https://eldeber.com.bo/pais/tribunal-supremo-de-justicia-rechaza-interferencia-a-la-independencia-judicial-en-el-caso-narcovuelo_328214;;;;;;;;;;;;;;;;;;;;
;https://www.paginasiete.bo/nacional/narcovuelo-juez-que-libero-a-sospechosa-del-courier-tiene-antecedentes-y-piden-indagar-a-vocales-que-soltaron-a-sus-complices-en-marzo-LM8079591;;;;;;;;;;;;;;;;;;;;
;https://www.paginasiete.bo/seguridad/en-5-PAISES-INCAUTARON-CARGAS-DE-DROGA-PROCEDENTE-DE-BOLIVIA-DESDE-ENERO-IK8059486;;;;;;;;;;;;;;;;;;;;
;https://eldeber.com.bo/pais/caen-empleados-operativos-por-el-narcovuelo-y-surgen-reclamos-por-peces-gordos_328087;;;;;;;;;;;;;;;;;;;;
;https://elpais.com/internacional/2023-06-08/un-vuelo-a-madrid-con-media-tonelada-de-cocaina-destapa-una-red-de-complicidad-entre-el-estado-y-el-narcotrafico-en-bolivia.html;;;;;;;;;;;;;;;;;;;;
;https://www.paginasiete.bo/opinion/editorial/penetracion-del-narco-en-el-estado-JC8040795;;;;;;;;;;;;;;;;;;;;
;https://www.paginasiete.bo/seguridad/narcovuelo-funcionario-de-la-aduana-grabo-en-su-celular-el-video-de-seguridad-antes-de-ser-borrado-FE8024456;;;;;;;;;;;;;;;;;;;;
;https://www.paginasiete.bo/seguridad/narcovuelo-boa-5-implicados-tienen-antecedentes-4-por-narcotrafico-NC8040492;;;;;;;;;;;;;;;;;;;;
;https://eldeber.com.bo/edicion-impresa/cae-el-sexto-exejecutivo-de-banco-fassil-sindicado-de-delitos-financieros_327989;;;;;;;;;;;;;;;;;;;;
;https://eldeber.com.bo/edicion-impresa/gobierno-admite-que-faltan-evidencias-del-narcovuelo-y-promete-recuperarlas_327978;;;;;;;;;;;;;;;;;;;;
;https://www.paginasiete.bo/seguridad/BOA-fue-notificada-desde-espana-sobre-carga-sobrevolada-el-12-de-febrero-EH8009134;;;;;;;;;;;;;;;;;;;;
;https://www.la-razon.com/economia/2023/06/07/Casso-FELCN%e2%80%88es-la-ultima-instancia-en-inspeccionar-cargamentos/;;;;;;;;;;;;;;;;;;;;
;https://www.paginasiete.bo/seguridad/evidencias-involucran-a-4-instituciones-y-gobierno-admite-penetracion-del-narco-YB8021133;;;;;;;;;;;;;;;;;;;;
;https://eldeber.com.bo/pais/Guardia-Civil-apunta-a-una-red-internacional_327836;;;;;;;;;;;;;;;;;;;;
;https://eldeber.com.bo/pais/ministros-cierran-filas-por-el-caso-narcovuelo-y-quedan-dos-ordenes-de-aprehension-por-ejecutarse_327827;;;;;;;;;;;;;;;;;;;;
;https://eldeber.com.bo/pais/NAABOL-y-BOA-sabian-del-narcovuelo-y-entregaron-imagenes-incompletas_327835;;;;;;;;;;;;;;;;;;;;
;https://www.paginasiete.bo/seguridad/criminologa-plantea-tres-hipotesis-sobre-como-se-metio-la-droga-a-viru-viru-YF7986188;;;;;;;;;;;;;;;;;;;;
;https://www.lostiempos.com/actualidad/seguridad/20230607/hay-dos-hipotesis-como-entro-droga-viru-viru-del-castillo-afirma-que ;;;;;;;;;;;;;;;;;;;;
;https://www.paginasiete.bo/seguridad/revelan-que-hace-unos-dias-borraron-imagenes-de-camaras-de-la-aduana-sobre-envio-de-droga-en-boa-DH7999401;;;;;;;;;;;;;;;;;;;;
;https://www.paginasiete.bo/seguridad/reemplazaron-fardo-de-ropa-por-droga-y-boa-no-detecto-carga-de-360-kilos-GH7999239;;;;;;;;;;;;;;;;;;;;
;https://www.paginasiete.bo/sociedad/2-concejales-altenos-viajaron-a-miami-y-la-norma-preve-us-3300-para-sus-viaticos-BB7982333;;;;;;;;;;;;;;;;;;;;
;https://www.paginasiete.bo/seguridad/secuestran-equipos-de-boa-porque-no-entregaron-registro-del-vuelo-a-espana-DX7981533;;;;;;;;;;;;;;;;;;;;
;https://eldeber.com.bo/pais/lima-el-presupuesto-de-la-asamblea-es-de-bs-260-millones-y-solo-aprobo-16-leyes_327504;;;;;;;;;;;;;;;;;;;;
;https://eldeber.com.bo/pais/que-otros-casos-existen-en-los-que-se-haya-excluido-a-bolivia-en-operativos-antidroga_327476;;;;;;;;;;;;;;;;;;;;
;https://www.paginasiete.bo/economia/banco-fassil-BS-2155-MM-en-juego-por-desvios-y-creditos-vinculados-NM7970834;;;;;;;;;;;;;;;;;;;;
;https://www.paginasiete.bo/sociedad/hay-al-menos-34-victimas-en-14-casos-de-violacion-en-iglesias-evangelicas-del-pais-HH7966999;;;;;;;;;;;;;;;;;;;;
;https://eldeber.com.bo/pais/las-autoridades-europeas-ejecutaron-dos-operaciones-antidroga-sin-avisar-a-la-felcn_327448;;;;;;;;;;;;;;;;;;;;
;https://www.paginasiete.bo/seguridad/diputados-europol-excluye-a-la-policia-boliviana-porque-fue-penetrada-por-el-narco-GM7943945;;;;;;;;;;;;;;;;;;;;
;https://www.paginasiete.bo/seguridad/la-policia-permite-que-grupos-del-mas-tomen-la-asamblea-de-derechos-humanos-y-mantiene-la-custodia-XM7961572;;;;;;;;;;;;;;;;;;;;
;https://eldeber.com.bo/la-paz/testigo-clave-del-caso-coimas-esta-desaparecida-fiscalia-tramita-su-declaracion-en-rebeldia-y-una-al_327210;;;;;;;;;;;;;;;;;;;;
;https://www.paginasiete.bo/seguridad/gobierno-fiscalia-y-mas-ponen-a-boa-contra-la-pared-por-caso-de-drogas-HH7944944;;;;;;;;;;;;;;;;;;;;
;https://eldeber.com.bo/pais/el-gobierno-calla-sobre-narcovuelo-y-asambleistas-dicen-que-hay-proteccion_327243;;;;;;;;;;;;;;;;;;;;
;https://eldeber.com.bo/santa-cruz/acuerdo-de-familiares-de-policias-victimados-en-porongo-ahora-senala-que-nallar-NO-cometio-delito-al_327257;;;;;;;;;;;;;;;;;;;;
;https://www.paginasiete.bo/seguridad/denuncian-injerencia-del-ministro-del-castillo-en-el-caso-nallar-para-proteger-a-policias-YY5991045;;;;;;;;;;;;;;;;;;;;
;https://www.paginasiete.bo/nacional/opositores-allanan-por-tercera-vez-las-metas-del-oficialismo-en-el-legislativo-DA7929234;;;;;;;;;;;;;;;;;;;;
;https://eldeber.com.bo/pais/suman-incautaciones-de-droga-procedente-de-bolivia-y-politicos-piden-investigar-presunta-proteccion-_327007;;;;;;;;;;;;;;;;;;;;
;https://eldeber.com.bo/pais/diputado-arce-impugna-la-resolucion-de-sobreseimiento-del-caso-coimas-millonarias-en-ABC_327047;;;;;;;;;;;;;;;;;;;;
;https://eldeber.com.bo/economia/observan-que-planta-de-urea-produce-solo-un-48-de-su-capacidad-instalada-y-ypfb-confirma-que-en-juni_326906;;;;;;;;;;;;;;;;;;;;
;https://eldeber.com.bo/pais/el-gobierno-reacciona-defiende-a-arce-y-hay-duda-sobre-el-suicidio-de-colodro_326965;;;;;;;;;;;;;;;;;;;;
;https://www.paginasiete.bo/seguridad/evistas-dicen-que-colodro-fue-asesinado-y-defienden-a-los-empresarios-crucenos-BI7912012 ;;;;;;;;;;;;;;;;;;;;
;https://www.paginasiete.bo/seguridad/con-seis-argumentos-el-GOBIERNO-Y-LA-FISCALIA-CONCLUYEN-QUE-COLODRO-SE-SUICIDO-XI7912220;;;;;;;;;;;;;;;;;;;;
;https://www.paginasiete.bo/seguridad/abogado-valda-plantea-14-puntos-contra-la-teoria-de-suicidio-de-colodro-EX7909017;;;;;;;;;;;;;;;;;;;;
;https://eldeber.com.bo/santa-cruz/la-firma-de-colodro-en-los-billetes-no-coincide-con-la-de-la-carta-postuma-afirma-abogado-de-la-fami_326908;;;;;;;;;;;;;;;;;;;;
;https://eldeber.com.bo/pais/gobierno-cierra-que-la-carta-postuma-fue-suscrita-por-el-interventor-de-fassil-antes-de-quitarse-la-_326972;;;;;;;;;;;;;;;;;;;;
;https://www.paginasiete.bo/seguridad/tras-seis-anos-y-90-procesos-destituyen-a-la-jueza-gladys-Bacarreza-CA7882235;;;;;;;;;;;;;;;;;;;;
;https://www.paginasiete.bo/sociedad/monsenor-leigue-reconoce-que-la-iglesia-cometio-crimenes-DL7872137;;;;;;;;;;;;;;;;;;;;
;https://eldeber.com.bo/santa-cruz/familia-de-colodro-descarta-autoria-de-la-carta-supuestamente-hallada-en-la-oficina_326674;;;;;;;;;;;;;;;;;;;;
;https://www.paginasiete.bo/seguridad/evo-sobre-la-muerte-del-interventor-de-fassil-levanta-mucha-sospecha-KI7864628;;;;;;;;;;;;;;;;;;;;
;https://www.paginasiete.bo/seguridad/hay-comunidades-bajo-sospecha-de-encubrir-factorias-de-droga-en-el-chapare-GI7857686;;;;;;;;;;;;;;;;;;;;
;https://www.paginasiete.bo/seguridad/periodista-junior-arias-decide-salir-del-pais-por-seguridad-NO-CREEMOS-QUE-COLODRO-SE-HAYA-SUICIDADO-AI7864651;;;;;;;;;;;;;;;;;;;;
;https://www.paginasiete.bo/seguridad/el-interventor-del-banco-fassil-aparece-muerto-en-santa-cruz-cayo-del-piso-14-de-un-edificio-NK7862395;;;;;;;;;;;;;;;;;;;;
;https://eldeber.com.bo/pais/logran-76-sentencias-por-casos-de-corrupcion-pero-persiste-sabor-a-impunidad_326602;;;;;;;;;;;;;;;;;;;;
;https://eldeber.com.bo/pais/seis-ministerios-incumplen-ley-de-difusion-de-cuentas-publicas_326607;;;;;;;;;;;;;;;;;;;;
;https://eldeber.com.bo/pais/Santos-dispuso-bs-5198-millones-en-818-proyectos-politicos-piden-auditar-su-gestion_326610;;;;;;;;;;;;;;;;;;;;
;https://www.paginasiete.bo/nacional/directivo-de-csutcb-pide-indagar-a-algunos-dirigentes-del-pacto-de-unidad-por-caso-coimas-AK7815075;;;;;;;;;;;;;;;;;;;;
;https://www.paginasiete.bo/nacional/evo-critica-sobreseimiento-es-encubrimiento-y-premio-a-la-corrupcion-y-narcotrafico-MN7816592 ;;;;;;;;;;;;;;;;;;;;
;https://eldeber.com.bo/edicion-impresa/cierran-caso-narcoaudios-y-creen-que-es-parte-de-un-acuerdo-preelectoral_326318;;;;;;;;;;;;;;;;;;;;
;https://www.paginasiete.bo/economia/romero-denuncia-que-ypfb-adeuda-us-800-mm-a-trafigura-por-5-meses-de-retraso-en-pagos-por-importacion-de-diesel-IN7791785;;;;;;;;;;;;;;;;;;;;
;https://www.paginasiete.bo/nacional/aprehenden-a-concejal-moron-en-santa-cruz-y-mesa-apunta-al-mas-y-sus-aliados-FG7800531;;;;;;;;;;;;;;;;;;;;
;https://www.paginasiete.bo/nacional/diputado-evista-propone-la-creacion-del-registro-nacional-de-corruptos-LH7810915;;;;;;;;;;;;;;;;;;;;
;https://eldeber.com.bo/pais/fiscalia-decreta-otro-sobreseimiento-esta-vez-en-favor-de-policias-que-denuncio-evo-en-2022-con-narc_326270;;;;;;;;;;;;;;;;;;;;
;https://www.paginasiete.bo/nacional/en-una-sesion-pugilistica-el-mas-evita-la-censura-al-ministro-del-castillo-y-lo-premia-LI7794638;;;;;;;;;;;;;;;;;;;;
;https://www.paginasiete.bo/seguridad/testigo-hostigamiento-dinero-8-elementos-evidencian-hechos-irregulares-en-el-caso-ABC-LE7789962;;;;;;;;;;;;;;;;;;;;
;https://www.paginasiete.bo/seguridad/fiscalia-emite-sobreseimiento-y-libera-de-culpa-a-12-acusados-pese-a-devolucion-de-coimas-en-abc-JY7771759;;;;;;;;;;;;;;;;;;;;
;https://eldeber.com.bo/pais/iglesia-catolica-boliviana-reconoce-que-fue-sorda-a-sufrimientos-de-victimas-de-pederastas_326286;;;;;;;;;;;;;;;;;;;;
;https://www.paginasiete.bo/opinion/columnistas/tribalismo-en-comunicacion-umsa-BX7743322;;;;;;;;;;;;;;;;;;;;
;https://www.paginasiete.bo/economia/financial-group-senalada-por-utilizar-al-banco-fassil-con-el-esquema-ponzi-MD7746853;;;;;;;;;;;;;;;;;;;;
;https://www.paginasiete.bo/nacional/4-empresas-7-obras-y-lista-de-allegados-senalados-por-coimas-pagadas-a-santos-XD7746743;;;;;;;;;;;;;;;;;;;;
;https://www.paginasiete.bo/opinion/columnistas/la-seleccion-adversa-la-captura-del-regulador-y-el-banco-fassil-HA7727779;;;;;;;;;;;;;;;;;;;;
;https://www.paginasiete.bo/nacional/richter-dice-que-elites-crucenas-se-apropiaron-de-los-recursos-del-banco-fassil-DK7729162;;;;;;;;;;;;;;;;;;;;
;https://eldeber.com.bo/pais/que-declaro-el-exministro-santos-cruz-ante-el-fiscal-NO-tiene-bienes-deslindo-responsabilidades-y-en_325762;;;;;;;;;;;;;;;;;;;;
;https://eldeber.com.bo/edicion-impresa/fassil-compro-bs-2503-millones-de-titulos-y-bonos-soberanos-y-el-estado-boliviano-debe-devolverle-en_325646 ;;;;;;;;;;;;;;;;;;;;
;https://eldeber.com.bo/santa-cruz/banco-fassil-fiscalia-emite-orden-de-aprehension-contra-los-hermanos-artieda_325736;;;;;;;;;;;;;;;;;;;;
;https://eldeber.com.bo/edicion-impresa/habra-interpelacion-a-los-ministros-pero-el-tcp-congelo-la-ley-de-censura_325494;;;;;;;;;;;;;;;;;;;;
;https://www.paginasiete.bo/seguridad/exministro-santos-compro-2-haciendas-frigorifico-5-autos-de-lujo-y-otros-27-inmuebles-segun-fiscalia-KE7699905;;;;;;;;;;;;;;;;;;;;
;https://www.paginasiete.bo/nacional/gobierno-dice-que-sobrino-de-santos-adquirio-cinco-inmuebles-en-un-dia-y-movio-mas-de-un-millon-de-bolivianos-MJ7685691;;;;;;;;;;;;;;;;;;;;
;https://www.paginasiete.bo/seguridad/policias-funcionarios-y-familiares-usaron-60-cuentas-para-manejar-las-coimas-del-exministro-santos-MG7686178;;;;;;;;;;;;;;;;;;;;
;https://eldeber.com.bo/pais/ex-ministro-de-medio-ambiente-queda-aprehendido_325328;;;;;;;;;;;;;;;;;;;;
;https://www.paginasiete.bo/nacional/EVISMO-CELULA-CORRUPTA-OPERA-EN-EL-PALACIO-Y-EL-PACTO-DE-UNIDAD-LA-ENCUBRE-KB7672396;;;;;;;;;;;;;;;;;;;;
;https://eldeber.com.bo/pais/gobierno-no-se-querello-ni-destituyo-a-su-exministro-santos-caen-solo-los-cargos-bajos_325233;;;;;;;;;;;;;;;;;;;;
;https://www.paginasiete.bo/seguridad/exministro-santos-acuso-a-su-edecan-y-la-negociadora-de-robar-el-dinero-de-las-coimas-DY7670603;;;;;;;;;;;;;;;;;;;;
;https://www.paginasiete.bo/nacional/LAS-7-VECES-QUE-EL-TCP-SE-EXTRALIMITA-Y-SOBREPASA-LA-CPE-o-atribuciones-ajenas-YJ7658991;;;;;;;;;;;;;;;;;;;;
;https://www.paginasiete.bo/nacional/suman-cuatro-los-ministros-que-salieron-por-corrupcion-evistas-levantan-las-manos-XJ7658527;;;;;;;;;;;;;;;;;;;;
;https://www.paginasiete.bo/nacional/indican-que-santos-amenazaba-con-plantar-droga-YI7659364;;;;;;;;;;;;;;;;;;;;
;https://eldeber.com.bo/pais/piden-destitucion-de-la-ministra-prada-y-ella-se-muestra-cercana-a-arce-del-castillo-sigue-en-la-mir_325007;;;;;;;;;;;;;;;;;;;;
;https://eldeber.com.bo/pais/en-2020-alertaron-sobre-la-entrega-irregular-de-bienes-en-el-gobierno_325005;;;;;;;;;;;;;;;;;;;;
;https://www.paginasiete.bo/nacional/recaudadora-que-develo-corrupcion-del-exministro-santos-denuncia-que-recibe-amenazas-de-muerte-GI7648923;;;;;;;;;;;;;;;;;;;;
;https://www.paginasiete.bo/nacional/CAE-MINISTRO-SANTOS-ACUSADO-DE-COBRAR-COIMAS-POR-BS-20-MM-al-menos-a-8-empresas-CJ7649756;;;;;;;;;;;;;;;;;;;;
;https://www.paginasiete.bo/seguridad/coimas-sobrino-de-ministro-santos-y-funcionaria-compraron-11-inmuebles-y-movieron-bs-27-MM-BL7638715 ;;;;;;;;;;;;;;;;;;;;
;https://www.paginasiete.bo/nacional/presidencia-dono-a-la-ALP-un-vehiculo-robado-en-chile-GB7627954;;;;;;;;;;;;;;;;;;;;
;https://eldeber.com.bo/pais/al-menos-cinco-funcionarios-fueron-apartados-de-sus-cargos-por-los-vehiculos-robados-en-chile_324938;;;;;;;;;;;;;;;;;;;;
;https://eldeber.com.bo/pais/la-CIDH-ADMITIO-21-casos-de-violacion-a-LOS-DDHH-ocurridas-en-la-gestion-del-mas_324854;;;;;;;;;;;;;;;;;;;;
;https://www.paginasiete.bo/seguridad/detienen-a-una-mujer-en-pando-por-caso-coimas-en-el-ministerio-de-medio-ambiente-YE7622908;;;;;;;;;;;;;;;;;;;;
;https://eldeber.com.bo/pais/diputada-nayar-denuncia-hallazgo-de-segundo-vehiculo-reportado-como-robado-en-chile-parqueado-en-la-_324803;;;;;;;;;;;;;;;;;;;;
;https://eldeber.com.bo/pais/aseguran-que-unos-5000-vehiculos-robados-de-chile-se-encuentran-en-bolivia_324693;;;;;;;;;;;;;;;;;;;;
;https://eldeber.com.bo/economia/ypfb-se-defiende-y-califica-de-falsas-las-denuncias-de-supuesta-compra-irregular-de-carburantes_324668;;;;;;;;;;;;;;;;;;;;
;https://eldeber.com.bo/pais/fiscalia-imputa-a-dirigentes-de-adepcoca-que-llevaron-al-ministro-de-gobierno-a-su-asamblea_324678;;;;;;;;;;;;;;;;;;;;
;https://eldeber.com.bo/pais/arce-describe-quejas-de-asoban-y-sospechas-de-actividades-de-fassil-desde-2019_324692;;;;;;;;;;;;;;;;;;;;
;https://eldeber.com.bo/pais/surge-tercera-denuncia-por-coimas-contra-ministro-santos-pero-el-niega-ilicito_324441;;;;;;;;;;;;;;;;;;;;
;https://www.paginasiete.bo/nacional/una-veintena-de-interpelaciones-son-suspendidas-por-mas-de-un-ano-HX7563977;;;;;;;;;;;;;;;;;;;;
;https://www.paginasiete.bo/sociedad/ademas-de-pica-otros-3-jesuitas-son-acusados-de-pederastia-en-bolivia-YY7562706;;;;;;;;;;;;;;;;;;;;
;https://www.paginasiete.bo/seguridad/chapare-narcotrafico-chutos-y-pesca-mueven-el-contrabando-de-combustibles-LD7317049;;;;;;;;;;;;;;;;;;;;
;https://www.paginasiete.bo/seguridad/negociado-de-22-proyectos-adjudicados-por-la-upre-a-firmas-suma-bs-104-mm-AE7556750;;;;;;;;;;;;;;;;;;;;
;https://eldeber.com.bo/edicion-impresa/justicia-multa-a-viuda-y-su-abogado-en-proceso-por-triple-asesinato-de-policias_324343;;;;;;;;;;;;;;;;;;;;
;https://eldeber.com.bo/pais/auto-robado-que-entrego-arce-y-fue-devuelto-por-conamaq-destapa-anomalias-en-dotacion-de-bienes-a-gr_324333;;;;;;;;;;;;;;;;;;;;
;https://www.paginasiete.bo/sociedad/despues-de-6-anos-38-de-56-hospitales-prometidos-aun-no-inician-su-construccion-JL7278694;;;;;;;;;;;;;;;;;;;;
;https://www.paginasiete.bo/sociedad/hallan-dano-economico-de-bs-42-mm-en-la-construccion-del-hospital-de-coripata-BD7261672;;;;;;;;;;;;;;;;;;;;
;https://www.paginasiete.bo/seguridad/caso-abc-dos-implicados-salen-de-la-carcel-con-medidas-sustitutivas-AE7262772;;;;;;;;;;;;;;;;;;;;
;https://eldeber.com.bo/pais/evo-no-pudo-viajar-a-peru-por-la-situacion-politica-y-rechaza-invitaciones-internacionales_334271;Interna del MAS;;;;;;;;;;;;;;;;;;;
;https://www.lostiempos.com/actualidad/pais/20230729/evo-acusa-derecha-mas-dividir-convocar-congresos-paralelos;;;;;;;;;;;;;;;;;;;;
;https://eldeber.com.bo/pais/CONGRESO-PARALELO-DEL-MAS- convocan-los-mismos-dias-del-evento-en-lauca-organizaciones-de-el-alto--e_334177;;;;;;;;;;;;;;;;;;;;
;https://eldeber.com.bo/pais/el-evismo-prepara-guillotina-para-asambleistas-ministros-y-jefes-de-estado-en-su-congreso_334045;;;;;;;;;;;;;;;;;;;;
;https://eldeber.com.bo/pais/gerardo-garcia-habla-de-expulsar-a-arce-y-choquehuanca-en-el-congreso-del-mas_333886;;;;;;;;;;;;;;;;;;;;
;https://eldeber.com.bo/economia/arce-dice-que-se-mantiene-la-estabilidad-economica-de-bolivia-tras-registro-de-baja-inflacion-acumul_333808;;;;;;;;;;;;;;;;;;;;
;https://www.lostiempos.com/actualidad/pais/20230726/arcistas-evistas-pelean-sede-congreso-chapare-alto;;;;;;;;;;;;;;;;;;;;
;https://www.lostiempos.com/actualidad/pais/20230722/henry-nina-anuncia-reunion-dirigentes-del-2019-contar-verdad;;;;;;;;;;;;;;;;;;;;
;https://eldeber.com.bo/pais/eva-copa-se-suma-a-las-criticas-contra-el-programa-bolivia-cambia-evo-cumple_333142;;;;;;;;;;;;;;;;;;;;
;https://www.lostiempos.com/actualidad/pais/20200121/MAS-VETA-ADRIANA-SALVATIERRA-NO-SERA-CANDIDATA-NINGUN-CARGO-decidimos-que;;;;;;;;;;;;;;;;;;;;
;https://www.lostiempos.com/actualidad/pais/20230721/diputados-evistas-arremeten-contra-alcaldes-obras-upre;;;;;;;;;;;;;;;;;;;;
;https://www.la-razon.com/lr-article/el-gobierno-financia-609-nuevos-proyectos-y-reactiva-1-007-del-bolivia-cambia-evo-cumple/;;;;;;;;;;;;;;;;;;;;
;https://eldeber.com.bo/pais/copa-insta-a-la-fam-a-impulsar-una-reunion-para-evaluar-los-efectos-del-bolivia-cambia-evo-cumple_333026;;;;;;;;;;;;;;;;;;;;
;https://www.lostiempos.com/actualidad/pais/20230719/evistas-arcistas-se-acusan-objetar-judiciales-hablan-plan-negro;;;;;;;;;;;;;;;;;;;;
;https://www.lostiempos.com/actualidad/pais/20230718/evistas-acusan-cob-entrometerse-mas-cambiar-sede-del-congreso;;;;;;;;;;;;;;;;;;;;
;https://www.lostiempos.com/actualidad/pais/20230718/MAS-ratifica-distancia-gobierno-arce-denuncias-corrupcion-narcotrafico;;;;;;;;;;;;;;;;;;;;
;https://www.lostiempos.com/actualidad/pais/20230718/plantean-investigar-tambien-exalcaldes-obras-del-evo-cumple ;;;;;;;;;;;;;;;;;;;;
;https://www.lostiempos.com/actualidad/pais/20230718/diputado-evista-dice-que-no-hay-reconciliacion-arce-morales ;;;;;;;;;;;;;;;;;;;;
;https://eldeber.com.bo/santa-cruz/diputado-del-mas-denuncia-abandono-de-un-coliseo-del-programa-evo-cumple-y-anuncia-acciones-legales_332655;;;;;;;;;;;;;;;;;;;;
;https://www.lostiempos.com/actualidad/pais/20230715/viceministro-antidroga-dice-que-no-existe-ningun-ataque-contra-chapare;;;;;;;;;;;;;;;;;;;;
;https://eldeber.com.bo/pais/gobierno-analiza-programa-evo-cumple-morales-ataca-a-la-prensa_332326;;;;;;;;;;;;;;;;;;;;
;https://www.lostiempos.com/actualidad/pais/20230713/lima-descalifica-intencion-cc-enjuiciar-arce-restitucion-ministro-censurado;;;;;;;;;;;;;;;;;;;;
;https://www.lostiempos.com/actualidad/pais/20230711/cox-afirma-que-choquehuanca-cometio-racismo-su-discurso-contra-citadinos;;;;;;;;;;;;;;;;;;;;
;https://www.lostiempos.com/actualidad/pais/20230712/ven-que-asambleistas-se-concentraron-peleas-internas-lugar-elaborar-leyes;;;;;;;;;;;;;;;;;;;;
;https://eldeber.com.bo/pais/no-sabemos-en-que-y-como-se-gastan-lo-que-aprobamos-legisladores-dudan-y-critican-el-destino-de-los-_331885;;;;;;;;;;;;;;;;;;;;
;https://www.lostiempos.com/actualidad/economia/20230711/arce-presiona-mas-creditos-externos-su-gestion-deuda-subio-US-3969-MM;;;;;;;;;;;;;;;;;;;;
;https://eldeber.com.bo/pais/para-el-evismo-garcia-linera-asesora-a-arce-el-exvice-dice-si-fuera-asi-el-pais-estaria-mejor_331787;;;;;;;;;;;;;;;;;;;;
;https://www.lostiempos.com/actualidad/pais/20230708/ven-que-destitucion-funcionarios-responde-pugna-interna-del-mas;;;;;;;;;;;;;;;;;;;;
;https://eldeber.com.bo/pais/omar-aguilar-los-amigos-del-mas-me-deben-su-personeria-juridica_331658;;;;;;;;;;;;;;;;;;;;
;https://eldeber.com.bo/pais/lucho-y-evo-aparecen-juntos-y-sonrientes-en-la-testera-de-los-juegos-estudiantiles-del-tropico_331337;;;;;;;;;;;;;;;;;;;;
;https://eldeber.com.bo/pais/diputado-arce-califica-de-corrupto-al-estado-y-al-sistema-judicial_331177;;;;;;;;;;;;;;;;;;;;
;https://www.lostiempos.com/actualidad/pais/20230705/diputado-flores-niega-teoria-del-autogolpe-acusa-oposicion-aprovecharse-sus;;;;;;;;;;;;;;;;;;;;
;https://www.lostiempos.com/actualidad/pais/20230706/presos-politicos-piden-libertad-saber-que-evo-ordeno-pedir-su-renuncia;;;;;;;;;;;;;;;;;;;;
;https://www.lostiempos.com/actualidad/pais/20230704/DIPUTADOS-DEL-MAS-REVELAN-QUE-EVO-INSTRUYO-COB-PEDIR-SU-RENUNCIA-NOVIEMBRE ;;;;;;;;;;;;;;;;;;;;
;https://www.lostiempos.com/actualidad/pais/20230704/csutcb-arce-corrupcion-ministerios-narcotrafico-dirigentes-extorsionadores ;;;;;;;;;;;;;;;;;;;;
;https://eldeber.com.bo/pais/evistas-acusan-a-dirigentes-del-pacto-de-unidad-de-vendidos-y-a-huarachi-de-judas_331144;;;;;;;;;;;;;;;;;;;;
;https://eldeber.com.bo/pais/evo-vuelve-a-hablar-de-la-unidad-del-mas-y-pide-a-su-militancia-actuar-con-prudencia-sin-caer-en-pro_331085;;;;;;;;;;;;;;;;;;;;
;https://www.lostiempos.com/actualidad/pais/20230704/arce-agradece-respaldo-del-pacto-unidad-cob-ataques-internos-externos;;;;;;;;;;;;;;;;;;;;
;https://www.lostiempos.com/actualidad/pais/20230702/aseguran-que-restitucion-del-ministro-gobierno-evo-quedo-aislado-reducido;;;;;;;;;;;;;;;;;;;;
;https://eldeber.com.bo/pais/arce-y-evo-se-reunieron-en-la-habana-pero-no-lograron-reconciliarse_330933;;;;;;;;;;;;;;;;;;;;
;https://eldeber.com.bo/santa-cruz/romero-senala-que-supuesto-narco-ruddy-sandoval-financio-campanas-politicas-y-recibio-la-proteccion-_319957;;;;;;;;;;;;;;;;;;;;
;https://www.la-razon.com/nacional/2023/07/03/mamani-desmiente-a-morales-y-le-exige-pruebas-sobre-aval-estatal-en-envio-de-droga/;;;;;;;;;;;;;;;;;;;;
;https://eldeber.com.bo/pais/evo-morales-dice-que-ratificar-a-del-castillo-es-defender-a-la-corrupcion-y-al-narcotrafico_330873;;;;;;;;;;;;;;;;;;;;
;https://eldeber.com.bo/pais/asoma-un-nuevo-escenario-en-la-asamblea-y-SURGE-LA-AMENAZA-DE-UN-JUICIO-A-ARCE_330817;;;;;;;;;;;;;;;;;;;;
;https://eldeber.com.bo/pais/senador-loza-si-hemos-sido-capaces-de-tumbar-al-golpe-de-estado-a-estos-traidores-tambien-vamos-a-tu_330708;;;;;;;;;;;;;;;;;;;;
;https://www.paginasiete.bo/nacional/dirigente-de-csutcb-dice-que-peritaje-esta-contaminado-y-que-del-castillo-actua-como-juez-y-fiscal-en-caso-colodro-XF7968231;;;;;;;;;;;;;;;;;;;;
;https://eldeber.com.bo/pais/evo-sin-contacto-con-el-gobierno-observa-tres-bancadas-en-el-mas_326672 ;;;;;;;;;;;;;;;;;;;;
;https://eldeber.com.bo/pais/carlos-romero-es-absolutamente-inaceptable-que-el-ministro-del-castillo-no-haya-conocido-el-caso-nar_327414;;;;;;;;;;;;;;;;;;;;
;https://www.paginasiete.bo/nacional/TERESA-MORALES-LUIS-NOS-HA-TRAICIONADO-y-parece-que-LA-CORRUPCION-LE-HA-TOMADO-LA-MORALl-BK7862223;;;;;;;;;;;;;;;;;;;;
;https://eldeber.com.bo/pais/arce-y-evo-buscan-a-sus-aliados-en-santa-cruz-con-regalos-y-criticas_326609;;;;;;;;;;;;;;;;;;;;
;https://www.paginasiete.bo/nacional/quintana-se-estrella-con-del-castillo-lo-llama-payaso-y-chabacano-pide-censura-y-carcel-por-informe-antidroga-falso-GC7848901;;;;;;;;;;;;;;;;;;;;
;https://www.paginasiete.bo/seguridad/fiscalia-citara-a-autoridades-de-comunidades-del-chapare-donde-se-hallaron-34-factorias-de-droga-YG7811670;;;;;;;;;;;;;;;;;;;;
;https://eldeber.com.bo/pais/reglamento-de-preseleccion-de-candidatos-a-magistrados-naufraga-en-plena-pugna-masista_331571;;;;;;;;;;;;;;;;;;;;
;https://www.lostiempos.com/actualidad/pais/20230630/arcistas-no-daran-permiso-diputados-titulares;;;;;;;;;;;;;;;;;;;;
;https://www.lostiempos.com/actualidad/pais/20230630/del-castillo-ve-que-evo-busca-incendiar-pais-fin-tomar-gobierno;;;;;;;;;;;;;;;;;;;;
;https://eldeber.com.bo/pais/evistas-desafian-a-arce-a-cerrar-la-asamblea-temen-salida-de-del-castillo-y-ahora-quieren-censurar-a_330566;;;;;;;;;;;;;;;;;;;;
;https://eldeber.com.bo/pais/arce-designa-nuevamente-a-del-castillo-como-ministro-de-gobierno_330597;;;;;;;;;;;;;;;;;;;;
;https://www.paginasiete.bo/nacional/montano-sobre-censura-a-del-castillo-evo-y-garcia-tienen-un-plan-para-desestabilizar-al-gobierno-y-han-cruzado-rios-de-sangre-FL8368362;;;;;;;;;;;;;;;;;;;;
;https://www.paginasiete.bo/nacional/renovador-llama-traidores-y-transfugas-a-masistas-que-censuraron-a-del-castillo-DY8375401;;;;;;;;;;;;;;;;;;;;
;https://www.paginasiete.bo/nacional/fulguera-cuestiona-a-montano-y-dice-que-evo-no-pacto-con-la-derecha-para-censurar-a-del-castillo-FA8376869;;;;;;;;;;;;;;;;;;;;
;https://www.paginasiete.bo/nacional/del-castillo-profundiza-la-crisis-en-el-MAS-y-su-futuro-depende-de-arce-EX8374305;;;;;;;;;;;;;;;;;;;;
;https://eldeber.com.bo/pais/el-presidente-Arce-restituye-a-del-Castillo-moviliza-a-sus-bases-y-rompe-con-el-evismo_330629;;;;;;;;;;;;;;;;;;;;
;https://eldeber.com.bo/pais/evo-senala-que-la-censura-es-vinculante-obligatoria-y-de-inexcusable-cumplimiento_330498;;;;;;;;;;;;;;;;;;;;
;https://eldeber.com.bo/pais/del-castillo-sigue-como-ministro-y-arce-analiza-fallo-sobre-destitucion_330474;;;;;;;;;;;;;;;;;;;;
;https://www.paginasiete.bo/nacional/suxo-a-lima-no-entiendo-su-desconocimiento-de-las-normas-basicas-de-una-investigacion-penal-NY8313294;;;;;;;;;;;;;;;;;;;;
;https://eldeber.com.bo/pais/la-pelea-entre-evo-y-luis-arce-revela-manipulacion-judicial-el-fiscal-calla_330187;;;;;;;;;;;;;;;;;;;;
;https://www.paginasiete.bo/nacional/chuquisaca-se-suma-a-el-alto-y-no-proclamara-a-evo-campesinos-ven-desesperacion-en-morales-ND8324294;;;;;;;;;;;;;;;;;;;;
;https://eldeber.com.bo/pais/arce-seguiremos-apostando-por-la-unidad-son-mas-las-cosas-que-nos-unen-que-las-que-nos-separan_329866  ;;;;;;;;;;;;;;;;;;;;
;https://eldeber.com.bo/pais/evo-confirma-invitacion-a-arce-y-choquehuanca-para-el-congreso-de-unidad-pero-vuelve-a-atacar-a-su-g_330037;;;;;;;;;;;;;;;;;;;;
;https://eldeber.com.bo/pais/SECTORES-del-mas-SE-OLVIDAN-DE-EVO-Y-los-acusan-de-APOYAR-A-ARCE-POR-OBRAS-Y-POR-PEGAS_330042;;;;;;;;;;;;;;;;;;;;
;https://www.paginasiete.bo/nacional/morales-acordaron-ampliar-el-mandato-de-los-magistrados-a-cambio-de-inhabilitar-a-evo-AE8305424;;;;;;;;;;;;;;;;;;;;
;https://www.paginasiete.bo/nacional/EL-PACTO-DE-UNIDAD-SE-ALINEA-CON-ARCE-y-evo-se-blinda-con-la-linea-dura-del-mas-LB8298368;;;;;;;;;;;;;;;;;;;;
;https://www.paginasiete.bo/nacional/evo-desde-el-gobierno-intentan-ampliar-el-caso-davila-e-investigarme-KX8303963;;;;;;;;;;;;;;;;;;;;
;https://eldeber.com.bo/pais/la-crisis-en-el-mas-ya-apunta-a-la-pugna-preelectoral-evo-va-y-arce-no-lo-descarta_329661;;;;;;;;;;;;;;;;;;;;
;https://www.paginasiete.bo/nacional/debe-rendir-cuentas-vs-busca-palestra-politica-romero-y-montano-cruzan-palabras-por-caso-narcovuelo-AA8266673;;;;;;;;;;;;;;;;;;;;
;https://www.paginasiete.bo/nacional/arcistas-cuestionan-congreso-masista-dicen-que-directiva-se-prorroga-6-anos-BJ8308157;;;;;;;;;;;;;;;;;;;;
;https://www.paginasiete.bo/portada/en-medio-de-una-pulseta-el-mas-fija-su-congreso-en-el-bastion-de-morales-AI8280929;;;;;;;;;;;;;;;;;;;;
;https://eldeber.com.bo/pais/del-3-al-5-de-octubre-el-mas-tendra-su-congreso-en-Lauca-N-en-el-que-elegira-su-nueva-directiva_329772;;;;;;;;;;;;;;;;;;;;
;https://www.paginasiete.bo/nacional/tras-expulsion-de-garcia-ahora-van-por-evo-y-temen-una-fractura-del-mas-BC8260892;;;;;;;;;;;;;;;;;;;;
;https://eldeber.com.bo/pais/expulsan-a-gerardo-garcia-vicepresidente-del-mas-de-los-interculturales_329567;;;;;;;;;;;;;;;;;;;;
;https://eldeber.com.bo/pais/evo-reclama-militancia-los-dos-principales-colaboradores-de-arce-no-figuran-como-masistas_329428;;;;;;;;;;;;;;;;;;;;
;https://www.paginasiete.bo/economia/dorgathen-responde-a-denuncia-penal-se-compro-combustible-en-un-momento-de-guerra-CY8203400;;;;;;;;;;;;;;;;;;;;
;https://www.paginasiete.bo/nacional/arcistas-llevan-a-la-justicia-a-3-diputados-evistas-voceros-del-ala-radical-del-mas-JJ8209083;;;;;;;;;;;;;;;;;;;;
;https://eldeber.com.bo/pais/evo-dice-que-si-moria-en-2019-el-mas-se-acababa-y-que-habia-un-plan-para-retomar-palacio-quemado_329229;;;;;;;;;;;;;;;;;;;;
;https://eldeber.com.bo/pais/evo-critica-al-gabinete-de-arce-tras-apoyo-del-mas_329284;;;;;;;;;;;;;;;;;;;;
;https://www.paginasiete.bo/nacional/EVO-LLAMA-A-CUIDARSE-DE-ARCE-y-lo-senala-por-proteger-al-narcotrafico-y-buscar-la-division-del-mas-FB8201887;;;;;;;;;;;;;;;;;;;;
;https://www.paginasiete.bo/nacional/loza-denuncia-discriminacion-en-el-gabinete-ampliado-y-sospecha-de-encubrimiento-al-narcotrafico-KJ8193826;;;;;;;;;;;;;;;;;;;;
;https://www.paginasiete.bo/economia/diputado-evista-denuncia-que-la-AJAM-departamental-beneficia-a-avasalladores-HF8160018;;;;;;;;;;;;;;;;;;;;
;https://www.paginasiete.bo/sociedad/fiscalia-admite-denuncia-de-paco-contra-chain-por-tres-delitos-NN8179395;;;;;;;;;;;;;;;;;;;;
;https://eldeber.com.bo/pais/evo-la-renovacion-habia-sido-falsedad-y-proteccion-al-narcotrafico-y-la-corrupcion_329035;;;;;;;;;;;;;;;;;;;;
;https://eldeber.com.bo/pais/en-medio-del-nuevo-capitulo-de-division-en-el-mas-arce-dice-que-la-unidad-revolucionaria-esta-mas-fu_329023;;;;;;;;;;;;;;;;;;;;
;https://eldeber.com.bo/pais/el-mas-convoca-a-un-ampliado-nacional-sin-funcionarios-y-vuelve-a-acusar-a-arce-de-traicion_328623;;;;;;;;;;;;;;;;;;;;
;https://eldeber.com.bo/pais/fiscalia-acepta-denuncia-de-dos-exministros-de-evo-contra-el-presidente-de-ypfb_328952;;;;;;;;;;;;;;;;;;;;
;https://eldeber.com.bo/pais/evo-se-juega-todo-convoca-a-diputados-y-dirigentes-afines-a-reunion-del-mas-en-cochabamba_329000;;;;;;;;;;;;;;;;;;;;
;https://www.paginasiete.bo/nacional/renovadores-a-evistas-el-presidente-luis-arce-levanto-al-mas-de-las-cenizas-CY8155235;;;;;;;;;;;;;;;;;;;;
;https://www.paginasiete.bo/nacional/manfred-senala-que-evo-es-un-peligro-para-la-unidad-del-pais-y-el-le-dice-vocero-del-gobierno-HY8155900;;;;;;;;;;;;;;;;;;;;
;https://www.paginasiete.bo/nacional/velasco-le-dice-a-cabezas-pequeno-gallito-extorsionador-y-el-responde-madrina-de-corrupto-y-duena-de-cisternas-YF8117001;;;;;;;;;;;;;;;;;;;;
;https://www.paginasiete.bo/nacional/evo-denuncia-un-complot-en-su-contra-y-es-el-gran-ausente-en-ampliado-del-mas-HX8099876;;;;;;;;;;;;;;;;;;;;
;https://eldeber.com.bo/pais/concejal-dice-que-evo-tiene-un-plan-negro-para-expulsar-del-mas-a-arce-choquehuanca-y-rodriguez_328464;;;;;;;;;;;;;;;;;;;;
;https://www.paginasiete.bo/seguridad/diputado-del-mas-denuncia-red-de-falsificadores-de-carnet-de-venta-de-coca-en-el-ministerio-de-desarrollo-rural-JB8056308;;;;;;;;;;;;;;;;;;;;
;https://www.paginasiete.bo/nacional/narcovuelo-de-boa-evo-y-diputados-piden-la-cabeza-de-tres-ministros-para-lavar-la-imagen-del-gobierno-GY8045495;;;;;;;;;;;;;;;;;;;;
;https://eldeber.com.bo/pais/no-estamos-haciendo-nada-por-los-humildes-diputado-del-mas-interpelo-a-choquehuanca-por-las-muertes-_328053;;;;;;;;;;;;;;;;;;;;
;https://www.paginasiete.bo/nacional/narcovuelo-evo-se-estrella-contra-ministros-y-dice-que-se-espera-acciones-y-no-declaraciones-GY8023585;;;;;;;;;;;;;;;;;;;;
;https://www.paginasiete.bo/nacional/concejal-asegura-que-con-evo-se-planeo-un-golpe-a-manfred-y-revela-que-hay-campana-de-desgaste-contra-arce-CY8032712;;;;;;;;;;;;;;;;;;;;
;https://eldeber.com.bo/pais/romero-dice-que-del-castillo-le-inicio-un-proceso-por-calumnia-e-insiste-que-el-narcovuelo-era-de-pl_327897;;;;;;;;;;;;;;;;;;;;
;https://eldeber.com.bo/pais/no-les-conviene-que-me-jalen-la-lengua-concejal-masista-amenaza-con-revelar-instrucciones-de-evo_327771;;;;;;;;;;;;;;;;;;;;
;https://eldeber.com.bo/pais/insultos-jalones-de-pelo-y-empujones-en-el-concejo-municipal-de-cochabamba_327763;;;;;;;;;;;;;;;;;;;;
;https://www.paginasiete.bo/nacional/linera-ve-que-arce-esta-muy-golpeado-y-dice-que-su-gestion-esta-formada-por-cuadros-de-tercera-categoria-MY8001925;;;;;;;;;;;;;;;;;;;;
;https://www.paginasiete.bo/nacional/evistas-ven-que-arce-no-podra-jalar-a-militancia-leal-a-morales-FE7996106;;;;;;;;;;;;;;;;;;;;
;https://eldeber.com.bo/pais/en-el-mas-y-en-la-oposicion-apuntan-a-dos-ministros-por-el-envio-de-droga-a-espana_327518;;;;;;;;;;;;;;;;;;;;
;https://eldeber.com.bo/pais/evo-apunta-a-tres-ministerios-por-el-narcovuelo-y-el-gobierno-anuncia-mano-dura-en-investigaciones_327494;;;;;;;;;;;;;;;;;;;;
;https://www.la-razon.com/nacional/2023/06/04/evo-morales-no-se-a-donde-va-a-llevar-al-pais-la-corrupcion-y-la-proteccion-al-narcotrafico/;;;;;;;;;;;;;;;;;;;;
;https://www.paginasiete.bo/nacional/evo-al-gobierno-deja-de-lado-la-gestion-economica-por-la-ambicion-politica-CC7949370;;;;;;;;;;;;;;;;;;;;
;https://eldeber.com.bo/pais/el-gobierno-se-lava-las-manos-por-sobreseimientos-y-evo-ve-venir-una-guerra-juridica_326426;;;;;;;;;;;;;;;;;;;;
;https://eldeber.com.bo/pais/evistas-acusan-al-gobierno-por-nuevo-reves-juridico-y-ARCISTAS-PIDEN-PROCESAR-A-EVO_326289;;;;;;;;;;;;;;;;;;;;
;https://www.paginasiete.bo/seguridad/gobierno-anuncia-el-operativo-antidroga-mas-grande-de-la-historia-en-la-zona-donde-opera-evo-DY7742603;;;;;;;;;;;;;;;;;;;;
;https://www.paginasiete.bo/nacional/investigue-y-ojala-no-sea-un-infiltrado-de-evo-las-reacciones-al-sucesor-de-santos-CI7695307;;;;;;;;;;;;;;;;;;;;
;https://www.paginasiete.bo/nacional/diputado-arce-dice-que-la-casa-grande-acoge-a-delincuentes-y-pide-al-presidente-mano-dura-a-la-corrupcion-EK7682798;;;;;;;;;;;;;;;;;;;;
;https://www.paginasiete.bo/nacional/EL-MAS-RETIRA-SU-APOYO-AL-GOBIERNO-Y-DICE-QUE-FUE-UN-ERROR-ELEGIR-A-ARCE-KE7688826;;;;;;;;;;;;;;;;;;;;
;https://eldeber.com.bo/pais/garcia-recuerda-los-dichos-del-mallku-y-alude-a-arce-no-hay-que-confiar-en-un-kara-siempre-te-va-a-t_325342;;;;;;;;;;;;;;;;;;;;
;https://eldeber.com.bo/pais/presidencia-responde-a-evo-el-pueblo-es-el-que-juzga-no-nos-hemos-derechizado_325075;;;;;;;;;;;;;;;;;;;;
;https://www.paginasiete.bo/nacional/EL-MAS-YA-NO-PEDIRA-CAMBIO-DE-MINISTROS-A-ARCE-dirigencia-dice-que-no-se-meteran-FD7656061;;;;;;;;;;;;;;;;;;;;
;https://www.paginasiete.bo/nacional/evo-sobre-ley-de-ganancias-al-informal-le-van-a-quitar-su-casa-le-van-a-procesar-no-pues-MC7646806;;;;;;;;;;;;;;;;;;;;
;https://eldeber.com.bo/pais/evo-insta-a-cuidar-el-proceso-de-cambio-del-veneno-de-la-corrupcion_325013;;;;;;;;;;;;;;;;;;;;
;https://eldeber.com.bo/pais/diputado-evista-dice-que-el-gobierno-convirtio-la-investigacion-del-modus-operandi-de-la-corrupcion-_324879;;;;;;;;;;;;;;;;;;;;
;https://elpais.com/internacional/2023-05-12/de-una-reunion-con-stiglitz-a-las-tensiones-con-ee-uu-luis-arce-cambia-el-rumbo-del-litio-boliviano.html;;;;;;;;;;;;;;;;;;;;
;https://www.paginasiete.bo/seguridad/detienen-en-pando-a-acusada-de-manejar-coimas-para-el-ministro-santos-cruz-KK7628149;;;;;;;;;;;;;;;;;;;;
;https://eldeber.com.bo/edicion-impresa/exministros-de-evo-morales-denuncian-a-titular-de-ypfb-por-supuesto-dano-economico-al-pais_324704;;;;;;;;;;;;;;;;;;;;
;https://eldeber.com.bo/pais/evo-pide-paciencia-a-militantes-del-mas-e-identifica-a-los-tres-peores-enemigos-de-bolivia_324870;;;;;;;;;;;;;;;;;;;;
;https://www.paginasiete.bo/nacional/evo-a-arce-no-podemos-estar-con-medias-verdades-mezclar-cloruro-de-potasio-con-urea-no-es-industrializar-EE7556565;;;;;;;;;;;;;;;;;;;;
;https://www.paginasiete.bo/nacional/en-el-tropico-proclaman-a-evo-como-candidato-para-las-elecciones-de-2025-LY7551638;;;;;;;;;;;;;;;;;;;;
;https://eldeber.com.bo/pais/la-bancada-del-mas-vuelve-a-unirse-para-aprobar-ley-del-oro-y-acelera-la-estacion-en-detalle_32407  ;;;;;;;;;;;;;;;;;;;;
;https://www.paginasiete.bo/nacional/la-cob-estrecha-lazo-con-arce-critica-a-los-maestros-y-asegura-que-se-vienen-dias-dificiles-HF7465966;;;;;;;;;;;;;;;;;;;;
;https://www.paginasiete.bo/nacional/sin-andronico-ni-loza-arce-se-reune-con-senadores-del-mas-para-allanar-ley-del-oro-BM7428300;;;;;;;;;;;;;;;;;;;;
;https://www.paginasiete.bo/nacional/MAS-deslinda-responsabilidad-sobre-politicas-de-arce-y-TEME-QUE-SE-REPITA-CRISIS-DE-LA-UDP-NE7431294;;;;;;;;;;;;;;;;;;;;
;https://www.paginasiete.bo/nacional/evistas-y-oposicion-dicen-que-arce-hallo-la-formula-secreta-de-gobernabilidad-en-la-alp-XG7383761;;;;;;;;;;;;;;;;;;;;
;https://eldeber.com.bo/pais/la-fiscalia-de-peru-indaga-un-plan-separatista-y-evo-siente-una-amenaza-de-extradicion_322865;;;;;;;;;;;;;;;;;;;;
;https://eldeber.com.bo/pais/evo-dice-que-solo-buscan-estigmatizarlo-politicamente-con-las-citaciones-en-peru_322898;;;;;;;;;;;;;;;;;;;;
;https://www.paginasiete.bo/sociedad/dirigente-de-csutcb-responde-a-choquehuanca-si-dejaran-de-robar-habria-mas-platita-FF7315263;;;;;;;;;;;;;;;;;;;;
;https://eldeber.com.bo/economia/el-gobierno-sube-el-tono-contra-la-asamblea-y-dice-que-esta-secuestrando-la-economia_322409;;;;;;;;;;;;;;;;;;;;
;https://www.paginasiete.bo/nacional/nuevo-reves-a-arce-direccion-del-mas-se-desliga-del-paquete-de-leyes-MA7299842;;;;;;;;;;;;;;;;;;;;
;https://eldeber.com.bo/pais/evo-felicita-al-ps-1-con-fotos-de-arce-y-david_322031;;;;;;;;;;;;;;;;;;;;
;https://eldeber.com.bo/pais/diputados-arcistas-denuncian-a-carlos-romero-y-a-teresa-morales-por-presunta-conspiracion_321972;;;;;;;;;;;;;;;;;;;;
;https://www.paginasiete.bo/nacional/evo-a-arce-con-el-ideologo-del-modelo-economico-no-podemos-estar-mal-economicamente-EG7239006;;;;;;;;;;;;;;;;;;;;
;https://www.paginasiete.bo/nacional/evistas-ejecutivo-protege-a-implicados-en-la-corrupcion-XE7237123;;;;;;;;;;;;;;;;;;;;
;https://eldeber.com.bo/pais/evo-niega-golpe-a-arce-y-apunta-tres-males-dentro-del-gobierno_321283;;;;;;;;;;;;;;;;;;;;
;https://eldeber.com.bo/pais/luis-arce-hay-que-saber-cuando-uno-debe-colgar-los-cachos-como-en-el-futbol_321302;;;;;;;;;;;;;;;;;;;;
;https://www.paginasiete.bo/nacional/evo-como-un-ventilador-denuncia-desvio-de-droga-espionaje-y-que-sacan-combustible-a-peru-YF7142472;;;;;;;;;;;;;;;;;;;;
;https://eldeber.com.bo/pais/en-tres-anos-masistas-y-arcistas-intercambiaron-48-ataques-entre-si-para-descalificarse_321145;;;;;;;;;;;;;;;;;;;;
;https://www.paginasiete.bo/nacional/direccion-del-mas-le-da-un-reves-al-gobierno-y-rechaza-el-proyecto-de-ley-305-YY7155771;;;;;;;;;;;;;;;;;;;;
;https://www.paginasiete.bo/nacional/romero-responde-a-del-castillo-y-lo-tilda-de-cobarde-y-vocero-mediatico-de-narcos-EF7153464;;;;;;;;;;;;;;;;;;;;
;https://eldeber.com.bo/pais/castillo-ve-a-romero-como-golpista-y-estalla-la-batalla_321135;;;;;;;;;;;;;;;;;;;;
;https://www.paginasiete.bo/seguridad/evo-senala-a-arce-por-caso-upre-y-gobierno-se-sumara-al-proceso-IE7143280;;;;;;;;;;;;;;;;;;;;
;https://eldeber.com.bo/pais/EVO-ANUNCIA-CREACION-DE-POLICIA-PARALELA-EN-LA-REGION-COCALERA-y-le-llueven-criticas_320997;;;;;;;;;;;;;;;;;;;;
;https://eldeber.com.bo/pais/EVO-ACUSA-AL-MINISTERIO-DE-GOBIERNO-DE-INFILTRAR-POLICIAS-AL-TROPICO-de-cochabamba-y-de-quedarse-con_320936;;;;;;;;;;;;;;;;;;;;
;https://eldeber.com.bo/pais/Arce-destina-bs-6-millones-para-sedes-dignas-a-sectores-sociales-que-eran-afines-a-Evo_320890;;;;;;;;;;;;;;;;;;;;
;https://eldeber.com.bo/pais/caso-ABC-exgerente-chino-tiene-acusacion-penal-y-una-sentencia_320134;;;;;;;;;;;;;;;;;;;;
;https://eldeber.com.bo/pais/nueva-ley-contra-lavado-de-activos-habla-de-las-protestas-y-terrorismo-se-debate-desde-esta-semana_320140;;;;;;;;;;;;;;;;;;;;
;https://eldeber.com.bo/edicion-impresa/arce-asigno-mas-dinero-que-evo-a-subsidio-de-granos-y-combustibles_320120;;;;;;;;;;;;;;;;;;;;
;https://www.la-razon.com/nacional/2023/04/07/Andronico-reparte-gentilezas-entre-arce-y-morales-en-medio-de-pugnas-en-el-mas/;;;;;;;;;;;;;;;;;;;;
;https://eldeber.com.bo/pais/evo-morales-denuncia-que-quieren-usurpar-el-mas-ante-la-imposibilidad-de-revivir-al-ps-1_320753;;;;;;;;;;;;;;;;;;;;
;https://eldeber.com.bo/pais/romero-reta-a-quien-paso-el-audio-que-lo-difunda-completo-y-desde-el-gobierno-le-aconsejan-ir-al-psi_320791;;;;;;;;;;;;;;;;;;;;
;https://eldeber.com.bo/pais/federacion-intercultural-chimore-rechaza-la-llegada-de-choquehuanca-a-su-zona-y-la-condiciona-a-coor_320254;;;;;;;;;;;;;;;;;;;;
;https://www.paginasiete.bo/nacional/garcia-linera-pide-a-arce-y-a-evo-dejar-ambiguedades-y-decir-si-habra-reconciliacion-o-separacion-HF7070922;;;;;;;;;;;;;;;;;;;;
;https://eldeber.com.bo/pais/diputado-arce-a-garcia-linera-es-desleal-y-malagradecido_320306;;;;;;;;;;;;;;;;;;;;
;https://www.paginasiete.bo/nacional/garcia-linera-le-responde-a-evo-no-tienes-un-nuevo-enemigo-solo-un-companero-que-te-recomienda-XB7047167;;;;;;;;;;;;;;;;;;;;
;https://www.paginasiete.bo/nacionaL/TENGO-UN-ENEMIGO-MAS-EVO-SE-REFIERE-asi-a-alvaro-GARCIA-LINERA-AY7045534;;;;;;;;;;;;;;;;;;;;
;https://www.paginasiete.bo/nacional/Evo-el-mas-no-esta-en-el-gobierno-es-totalmente-falso-que-hubieramos-pedido-ministerios-YB7047067;;;;;;;;;;;;;;;;;;;;
;https://eldeber.com.bo/pais/del-castillo-designa-a-exjefe-policial-como-viceministro-sube-la-pugna-con-romero_320063;;;;;;;;;;;;;;;;;;;;